Repeat,Generation,X1,X2,X3,X4,X5,X6,X7,X8,X9,X10,X11,X12,X13,X14,X15,X16,X17,X18,X19,X20,X21,X22,X23,X24,X25,X26,X27,X28,X29,X30,F(x)
0,0,-19.168675801873831687771598808467388153076171875,7.168797875911735673071234486997127532958984375,59.599597155674899795485544018447399139404296875,-8.4261604663228268918828689493238925933837890625,-55.064546647541732227182365022599697113037109375,-48.77773369548631166026098071597516536712646484375,20.1513718070009559824029565788805484771728515625,37.86431470686972033945494331419467926025390625,-75.988036744285409440635703504085540771484375,-54.09405804620502067336929030716419219970703125,-92.10791344950712300487793982028961181640625,19.1991943113498422235352336429059505462646484375,-5.063020722067932410936919040977954864501953125,72.1610156559953566102194599807262420654296875,51.34128849147009532316587865352630615234375,13.70586260567034742052783258259296417236328125,-37.180700094607374239785713143646717071533203125,79.253517258217101471018395386636257171630859375,-14.725180822168653094195178709924221038818359375,9.0243232520523832818071241490542888641357421875,3.268532364879291662873583845794200897216796875,-91.821039460432757550734095275402069091796875,-23.9722891933957953369827009737491607666015625,66.74703207495343804112053476274013519287109375,-15.421002838221369302118546329438686370849609375,-50.3280739768669747036256012506783008575439453125,-16.4220099490340913916952558793127536773681640625,-49.95574816125980532888206653296947479248046875,-79.8089541306802630060701631009578704833984375,-86.6695150608844215867065940983593463897705078125,-18060.177687841103761456906795501708984375,
0,900,-11.6367076631977255374295054934918880462646484375,-4.2512283700064159575049416162073612213134765625,-5.91753898739585793009609915316104888916015625,-4.4709616382335894968491629697382450103759765625,4.080324716940822327160276472568511962890625,-5.5207983642078914954254287295043468475341796875,-0.1739555040131790519808419048786163330078125,4.5442060609759806766305700875818729400634765625,11.105685598315375273159588687121868133544921875,-1.5533921323282555704281548969447612762451171875,1.5106662190618607155556674115359783172607421875,2.1820734275338082852613297291100025177001953125,4.025391399884028942324221134185791015625,1.7487105929746320498452405445277690887451171875,-12.936796166875211611113627441227436065673828125,-3.7018951994384536874349578283727169036865234375,-12.5156407361064481165158213116228580474853515625,1.126132999664292810848564840853214263916015625,2.3041474654377935848970082588493824005126953125,7.309183019501318767652264796197414398193359375,0.0030518509475996324908919632434844970703125,6.24713888973661823911243118345737457275390625,8.7496566667683879359174170531332492828369140625,0.0518814661091937523451633751392364501953125,19.7485274819177760718957870267331600189208984375,4.141361735892814976978115737438201904296875,1.7487105929746320498452405445277690887451171875,1.7487105929746320498452405445277690887451171875,-8.4261604663228268918828689493238925933837890625,5.91753898739585793009609915316104888916015625,-1160.2928776145881784032098948955535888671875,
Repeat,Generation,X1,X2,X3,X4,X5,X6,X7,X8,X9,X10,X11,X12,X13,X14,X15,X16,X17,X18,X19,X20,X21,X22,X23,X24,X25,X26,X27,X28,X29,X30,F(x)
1,0,49.552903836176625418374896980822086334228515625,-3.4089175084688889683093293569982051849365234375,13.1199072237312037714218604378402233123779296875,-43.99853511154515928183172945864498615264892578125,-56.3585314493240190358847030438482761383056640625,71.7581713309122051214217208325862884521484375,-5.5330057679982900253889965824782848358154296875,-40.20203253273110277632440556772053241729736328125,83.88622699667348570073954761028289794921875,47.251808221686445676823495887219905853271484375,-5.075228125858330940900486893951892852783203125,-55.66270943327128151167926262132823467254638671875,-50.09613330484938842346309684216976165771484375,15.4515213476973798378821811638772487640380859375,-44.6211127048554914154010475613176822662353515625,53.019806512649921614865888841450214385986328125,7.4373607593005317539791576564311981201171875,39.091158787804801022502942942082881927490234375,82.598345896786412367873708717525005340576171875,3.262428662984092397891799919307231903076171875,-44.05346842860195266666778479702770709991455078125,-57.5121311075167085391512955538928508758544921875,10.989715262306589238505694083869457244873046875,35.361796929837936431795242242515087127685546875,42.820520645771665613210643641650676727294921875,-13.87676625873592684001778252422809600830078125,-59.4592120120853309117592289112508296966552734375,-75.7744071779534351662732660770416259765625,-72.765282143620112265125499106943607330322265625,-21.95806756797998104957514442503452301025390625,-17035.6467705342729459516704082489013671875,
1,900,1.6022217474898496902824263088405132293701171875,7.4495681630909302839427255094051361083984375,-8.1392864772484472268843092024326324462890625,1.058992278817100896048941649496555328369140625,3.183080538346501953128608874976634979248046875,4.043702505569626737269572913646697998046875,-4.2817468794824122824138612486422061920166015625,-4.7517319254127556860112235881388187408447265625,6.44856105227819398351130075752735137939453125,-12.28370006408886183635331690311431884765625,-12.826929532761624841441516764461994171142578125,-12.6743369853816290060422034002840518951416015625,3.7568285164952612831257283687591552734375,-4.5930356761375747964848414994776248931884765625,-7.7547532578508935330319218337535858154296875,-12.6377147740104334161514998413622379302978515625,-0.753807184057137646959745325148105621337890625,-3.213599047822498278037528507411479949951171875,2.6886806848353472787493956275284290313720703125,3.341776787621682842654990963637828826904296875,0.918607135227517801467911340296268463134765625,-3.750724814600062018143944442272186279296875,-8.1331827753532479619025252759456634521484375,-3.86669515060884805279783904552459716796875,8.2552568132572474723929190076887607574462890625,-6.5706350901821934940016944892704486846923828125,-16.0252693258461249570245854556560516357421875,2.0477919858394244556620833463966846466064453125,2.0294808801538266607167315669357776641845703125,16.806543168431659296402358449995517730712890625,-1148.678797961305690478184260427951812744140625,
Repeat,Generation,X1,X2,X3,X4,X5,X6,X7,X8,X9,X10,X11,X12,X13,X14,X15,X16,X17,X18,X19,X20,X21,X22,X23,X24,X25,X26,X27,X28,X29,X30,F(x)
2,0,3.530991546372888478799723088741302490234375,-97.143467513046658723396831192076206207275390625,88.4029663991210554740973748266696929931640625,-2.13934751426739921953412704169750213623046875,17.80755027924436717512435279786586761474609375,40.464491714224692486823187209665775299072265625,-0.2410962248603851776351802982389926910400390625,1.5778069399090526303552906028926372528076171875,-76.970732749412519524412346072494983673095703125,-15.036469618823815608266158960759639739990234375,57.383953367717509763679117895662784576416015625,15.195165868098996497792541049420833587646484375,36.350596636860274202263099141418933868408203125,9.0487380596331803417342598550021648406982421875,-11.2155522324289762536864145658910274505615234375,75.365459150975055990784312598407268524169921875,3.292947172460088722800719551742076873779296875,81.93304239020966406314983032643795013427734375,-92.4314096499526982597672031261026859283447265625,-38.63948484756004830842357478104531764984130859375,-92.6328318124942740041660727001726627349853515625,57.274086733603922994007007218897342681884765625,-54.11847285378581773329642601311206817626953125,-47.22128971221045645734193385578691959381103515625,30.68025757621995808221981860697269439697265625,-0.747703482161938381977961398661136627197265625,24.1309854426709762265090830624103546142578125,67.632068849757388306898064911365509033203125,32.578508865627014756682910956442356109619140625,24.710837122714934821487986482679843902587890625,-23756.9405718373236595652997493743896484375,
2,900,-8.938871425519579361207433976233005523681640625,4.3733024079104012571406201459467411041259765625,15.5552842799157673425725079141557216644287109375,3.7568285164952612831257283687591552734375,0.2471999267555702317622490227222442626953125,15.7322916348765460270442417822778224945068359375,-0.2533036286507837075987481512129306793212890625,0.2166814172795739068533293902873992919921875,1.7487105929746320498452405445277690887451171875,-2.05389568773460950978915207087993621826171875,3.213599047822498278037528507411479949951171875,1.2298959318826945263936067931354045867919921875,0.2166814172795739068533293902873992919921875,0.2288888210699724368168972432613372802734375,0.405896176030779542998061515390872955322265625,-17.313150425733198289890424348413944244384765625,3.244117557298494602946448139846324920654296875,-12.0517593920712897670455276966094970703125,-8.6642048402355982261724420823156833648681640625,-4.2512283700064159575049416162073612213134765625,-4.2512283700064159575049416162073612213134765625,-5.3071687978759172210629913024604320526123046875,-5.75273903622547777558793313801288604736328125,-4.2512283700064159575049416162073612213134765625,-4.2573320719016152224867255426943302154541015625,3.079317606128114448438282124698162078857421875,-2.07220679342020730473450385034084320068359375,4.7456282235175564210294396616518497467041015625,-5.6062501907406812051704037003219127655029296875,-3.4638508255256823531453846953809261322021484375,-1207.6553909792064587236382067203521728515625,
Repeat,Generation,X1,X2,X3,X4,X5,X6,X7,X8,X9,X10,X11,X12,X13,X14,X15,X16,X17,X18,X19,X20,X21,X22,X23,X24,X25,X26,X27,X28,X29,X30,F(x)
3,0,34.58052308725240209241746924817562103271484375,-17.050691244239629895673715509474277496337890625,-33.4452345347453245949509437195956707000732421875,-63.5059663686025572815196937881410121917724609375,-61.32694479201635573417661362327635288238525390625,-60.12451551866207211105574970133602619171142578125,23.2032227546006737384232110343873500823974609375,-75.5851924192022437409832491539418697357177734375,13.2297738578447905410939711146056652069091796875,-25.144199957274082635194645263254642486572265625,-57.14590899380474553481690236367285251617431640625,-75.4570146794030591763657866977155208587646484375,-8.987701040681173481061705388128757476806640625,-37.80938138981292695461888797581195831298828125,-22.1961119418927665947194327600300312042236328125,-4.3977172154911983170677558518946170806884765625,10.733359782708220109270769171416759490966796875,63.9210180974761215111357159912586212158203125,-3.3783989989928926434004097245633602142333984375,3.653065584276873778435401618480682373046875,21.89703054902798839975730516016483306884765625,17.508468886379574769307509995996952056884765625,76.976836451307718789394129998981952667236328125,-29.038361766411327380410511977970600128173828125,-60.77761162144840767496134503744542598724365234375,-96.0814233832819581948569975793361663818359375,59.630115665150896120394463650882244110107421875,-20.6579790643024949758910224772989749908447265625,-66.5517136143070757725581643171608448028564453125,74.742881557664730962642352096736431121826171875,-19624.3935037092669517733156681060791015625,
3,900,4.4343394268623939069584594108164310455322265625,1.7487105929746320498452405445277690887451171875,1.7487105929746320498452405445277690887451171875,-2.11493270668660215960699133574962615966796875,2.6642658772545502188222599215805530548095703125,-4.2512283700064159575049416162073612213134765625,7.046723838007750373435555957257747650146484375,7.095553453169344493289827369153499603271484375,11.7465742973113123071016161702573299407958984375,-7.083346049378945963326259516179561614990234375,-3.097628711813712243383633904159069061279296875,-3.164769432660904158183257095515727996826171875,-7.034516434217351843471988104283809661865234375,0.814844203009130296777584590017795562744140625,0.814844203009130296777584590017795562744140625,4.7456282235175564210294396616518497467041015625,2.0905178991058193105345708318054676055908203125,-3.982665486617634087451733648777008056640625,0.650044251838750142269418574869632720947265625,-0.4669331949827579819611855782568454742431640625,-0.753807184057137646959745325148105621337890625,-1.4252143925290710058106924407184123992919921875,-0.753807184057137646959745325148105621337890625,0.2471999267555702317622490227222442626953125,-7.7547532578508935330319218337535858154296875,2.798547318948948259276221506297588348388671875,-0.863673818170724416631856001913547515869140625,8.0599383526108567821211181581020355224609375,0.973540452284311186303966678678989410400390625,-22.2510452589495599795554880984127521514892578125,-1107.65580865821311817853711545467376708984375,
Repeat,Generation,X1,X2,X3,X4,X5,X6,X7,X8,X9,X10,X11,X12,X13,X14,X15,X16,X17,X18,X19,X20,X21,X22,X23,X24,X25,X26,X27,X28,X29,X30,F(x)
4,0,86.25446333201085735709057189524173736572265625,-33.4208197271645275350238080136477947235107421875,-16.2999359111301060920595773495733737945556640625,-1.333658864101067820229218341410160064697265625,-56.993316446424756804844946600496768951416015625,-33.79924924466689617474912665784358978271484375,80.3277687917722005295217968523502349853515625,-16.721091341898869586657383479177951812744140625,84.49659718619341219891794025897979736328125,12.7719962157048172457507462240755558013916015625,-1.107821893978695015903213061392307281494140625,-72.7408673360393009943436481989920139312744140625,-83.257545701467932985906372778117656707763671875,9.7445600756858965496576274745166301727294921875,3.9521469771416377625428140163421630859375,3.7079989013336671632714569568634033203125,-11.3315225684377622883403091691434383392333984375,4.1962950529496083618141710758209228515625,6.37531662953580280372989363968372344970703125,-22.0923490096743790900291060097515583038330078125,7.181005279702134203034802339971065521240234375,39.7747734000671471221721731126308441162109375,-24.906155583361311300905072130262851715087890625,-45.22537919248023996487972908653318881988525390625,-43.046357615894038417536648921668529510498046875,7.6815088351085023532505147159099578857421875,-27.2560808130130993731654598377645015716552734375,21.93365276039918398964800871908664703369140625,-51.77465132602923603144517983309924602508544921875,67.351298562578193696026573888957500457763671875,-17696.2881845826123026199638843536376953125,
4,900,-8.2979827265236281164106912910938262939453125,-0.936918240913115596413263119757175445556640625,-2.8717917416913252282029134221374988555908203125,-1.333658864101067820229218341410160064697265625,5.6123538926358804701521876268088817596435546875,-3.207495345927299013055744580924510955810546875,2.841273232215343114148708991706371307373046875,1.004058961760307511212886311113834381103515625,7.5960570085757126435055397450923919677734375,4.055909909360025267233140766620635986328125,-0.3326517532883741523619391955435276031494140625,1.089510788293097220957861281931400299072265625,-0.839259010589927356704720295965671539306640625,5.1179540391247400066276895813643932342529296875,1.5717032380138533653735066764056682586669921875,3.7079989013336671632714569568634033203125,8.0599383526108567821211181581020355224609375,5.89312417981506087016896344721317291259765625,0.0946073793755886072176508605480194091796875,-4.2817468794824122824138612486422061920166015625,2.2247993408002031401338172145187854766845703125,2.0477919858394244556620833463966846466064453125,-4.2512283700064159575049416162073612213134765625,4.5197912533951836167034343816339969635009765625,1.034577471236303836121805943548679351806640625,-4.0498062074648260022513568401336669921875,2.3529770805993877047512796707451343536376953125,-1.90130314035462788524455390870571136474609375,1.7487105929746320498452405445277690887451171875,3.244117557298494602946448139846324920654296875,-994.3143935183355779372504912316799163818359375,
Repeat,Generation,X1,X2,X3,X4,X5,X6,X7,X8,X9,X10,X11,X12,X13,X14,X15,X16,X17,X18,X19,X20,X21,X22,X23,X24,X25,X26,X27,X28,X29,X30,F(x)
5,0,-64.976958525345622774693765677511692047119140625,-43.58348338267159505221570725552737712860107421875,-26.822717978453937348604085855185985565185546875,-98.3397930845057572923906263895332813262939453125,79.9005096591082519807969219982624053955078125,19.7973570970793701917500584386289119720458984375,27.0485549485763243637848063372075557708740234375,-18.698690755943488284174236468970775604248046875,50.541703543198963188842753879725933074951171875,1.7548142948698313148270244710147380828857421875,63.121433149204989376812591217458248138427734375,-21.92144535660878545968444086611270904541015625,40.842921231727046915693790651857852935791015625,-56.26697592089602295573058654554188251495361328125,-24.918362987151709830868639983236789703369140625,-6.27765739921261456402135081589221954345703125,84.038819544053467325284145772457122802734375,-1.4374217963194695357742602936923503875732421875,-22.06793420209356781924725510179996490478515625,-51.79906613361003309137231553904712200164794921875,-72.2281563768425485250190831720829010009765625,-74.16913357951597163264523260295391082763671875,12.2226630451368833973901928402483463287353515625,60.234382152775651775300502777099609375,20.5847346415601037961096153594553470611572265625,1.4801477095858643906467477791011333465576171875,31.382183294167901976834400556981563568115234375,79.070406201361123521564877592027187347412109375,59.78270821253090616664849221706390380859375,11.9357890560624895215369178913533687591552734375,-21737.53757305412364075891673564910888671875,
5,900,3.7568285164952612831257283687591552734375,-0.2533036286507837075987481512129306793212890625,1.9928586687826310708260280080139636993408203125,19.7119052705465804820050834678113460540771484375,-3.6408581804864610376171185635030269622802734375,-3.164769432660904158183257095515727996826171875,-0.753807184057137646959745325148105621337890625,2.5543992431409634491501492448151111602783203125,-1.96844386120181980004417710006237030029296875,1.7487105929746320498452405445277690887451171875,1.4679403057954658606831799261271953582763671875,-0.772118289742735441905097104609012603759765625,7.8768272957548788326676003634929656982421875,-9.067049165318763925824896432459354400634765625,-12.5461592455824444414247409440577030181884765625,0.473036896877971457797684706747531890869140625,0.796533097323532501832232810556888580322265625,-0.784325693533133971868664957582950592041015625,-3.762932218390460548107512295246124267578125,-0.753807184057137646959745325148105621337890625,3.9521469771416377625428140163421630859375,-2.6825769829401480137676117010414600372314453125,1.4130069887386724758471245877444744110107421875,1.6388439588610452801731298677623271942138671875,1.156651509140289135757484473288059234619140625,-4.3610950041200027271770522929728031158447265625,3.128147221289708568292553536593914031982421875,1.046784875026702366085373796522617340087890625,5.4231391338847032557168859057128429412841796875,-17.233802301095607845127233304083347320556640625,-1045.111018908952473793760873377323150634765625,
Repeat,Generation,X1,X2,X3,X4,X5,X6,X7,X8,X9,X10,X11,X12,X13,X14,X15,X16,X17,X18,X19,X20,X21,X22,X23,X24,X25,X26,X27,X28,X29,X30,F(x)
6,0,15.219580675679793557719676755368709564208984375,16.7638172551652502306751557625830173492431640625,-32.651753288369405936464318074285984039306640625,-86.779381694998022567233419977128505706787109375,87.2859889522995899824309162795543670654296875,61.38798181096836970027652569115161895751953125,-11.032441175572984093378181569278240203857421875,59.428693502609320375995594076812267303466796875,59.788811914426105431630276143550872802734375,-15.030365916928616343284375034272670745849609375,-28.5988952299569660908673540689051151275634765625,11.9602038636432865814640535973012447357177734375,55.9434797204504548062686808407306671142578125,-38.55403302102725859867859981022775173187255859375,-37.095248268074584530040738172829151153564453125,-92.6694540238654695940567762590944766998291015625,-49.38810388500625236929408856667578220367431640625,-87.6155888546403360805925331078469753265380859375,-10.14740440076906224931008182466030120849609375,-12.240974150822466981480829417705535888671875,27.4086733603930809977100579999387264251708984375,6.00909451582384690482285805046558380126953125,21.103549302652055530415964312851428985595703125,28.305917538987387160887010395526885986328125,27.1156956694235162785844295285642147064208984375,-41.5143284401989802745447377674281597137451171875,-53.89873958555864419395220465958118438720703125,45.71367534409620247970451600849628448486328125,-40.05554368724632041676159133203327655792236328125,-56.29139072847682001565772225148975849151611328125,-20825.1759549739144858904182910919189453125,
6,900,5.5024872585222937004800769500434398651123046875,-0.2533036286507837075987481512129306793212890625,4.4648579363383902318673790432512760162353515625,3.244117557298494602946448139846324920654296875,-4.4587542344431909668855951167643070220947265625,-9.152500991851553635569871403276920318603515625,2.6032288583025575690044206567108631134033203125,-0.3509628589739719473072909750044345855712890625,-8.1209753715628494319389574229717254638671875,9.88494521927549385509337298572063446044921875,1.046784875026702366085373796522617340087890625,5.3010650959807179560812073759734630584716796875,-16.1229285561693131967331282794475555419921875,-11.8747520371104968717190786264836788177490234375,12.2714926602984775172444642521440982818603515625,-12.228766747032068451517261564731597900390625,-1.6937772759178386650091852061450481414794921875,2.1698660237434097552977618761360645294189453125,24.0089114047669909268734045326709747314453125,35.380108035523534226740594021975994110107421875,-3.8544877468184495228342711925506591796875,-1.058992278817100896048941649496555328369140625,-0.1007110812707878721994347870349884033203125,-1.6693624683370416050820495001971721649169921875,-0.2533036286507837075987481512129306793212890625,3.62254707480087745352648198604583740234375,0.2410962248603709667804650962352752685546875,-0.759910885952336911941529251635074615478515625,7.052827539902949638417339883744716644287109375,-8.2735679189428310564835555851459503173828125,-1306.869031057107122251181863248348236083984375,
Repeat,Generation,X1,X2,X3,X4,X5,X6,X7,X8,X9,X10,X11,X12,X13,X14,X15,X16,X17,X18,X19,X20,X21,X22,X23,X24,X25,X26,X27,X28,X29,X30,F(x)
7,0,-8.6336863307596019012635224498808383941650390625,-40.26917325357829469112402875907719135284423828125,-11.996826075014496382209472358226776123046875,43.4247871333964212681166827678680419921875,-21.94586016418958251961157657206058502197265625,52.4033326212347674299962818622589111328125,-16.3304544206061024169684969820082187652587890625,-4.3977172154911983170677558518946170806884765625,99.639881588183243366074748337268829345703125,84.942167424542986964297597296535968780517578125,54.582354197820990293621434830129146575927734375,-64.4764549699392688353327685035765171051025390625,70.995208594012268576989299617707729339599609375,30.961027863399152693091309629380702972412109375,87.8719443342387194206821732223033905029296875,13.3640552995391743706932174973189830780029296875,34.30585650196843516823719255626201629638671875,59.83153782769250028650276362895965576171875,46.39118625446332089268253184854984283447265625,-68.877224036378066784891416318714618682861328125,-12.930692464980012346131843514740467071533203125,-13.7974181340983221843998762778937816619873046875,-10.12909329508346445436473004519939422607421875,82.805871761223187377254362218081951141357421875,-27.97021393475142758688889443874359130859375,63.6951811273537487068097107112407684326171875,-12.02734458449049270711839199066162109375,-28.6416211432233609457398415543138980865478515625,75.9453108310190145857632160186767578125,90.17303994872889916223357431590557098388671875,-17120.3578012190628214739263057708740234375,
7,900,-8.6336863307596019012635224498808383941650390625,3.762932218390460548107512295246124267578125,11.3437299722281608183038770221173763275146484375,4.7456282235175564210294396616518497467041015625,2.5055696279793693292958778329193592071533203125,-36.24073000274666611630891566164791584014892578125,0.2471999267555702317622490227222442626953125,-4.3977172154911983170677558518946170806884765625,-8.4200567644276276269010850228369235992431640625,-12.5156407361064481165158213116228580474853515625,-24.2896816919461571160354651510715484619140625,11.246070741904958367740618996322154998779296875,6.08844264046143734958604909479618072509765625,4.214606158635206156759522855281829833984375,-11.2521744438001718435771181248128414154052734375,2.4384289071321774144962546415627002716064453125,6.711020233771790799437440000474452972412109375,7.083346049378945963326259516179561614990234375,-15.9825434125797301021520979702472686767578125,-12.125003814813680946826934814453125,0.656147953733949407251202501356601715087890625,0.491348002563569252743036486208438873291015625,1.2421033356730930563571746461093425750732421875,3.84228034302805099287070333957672119140625,-5.75273903622547777558793313801288604736328125,-7.2542497024445395936709246598184108734130859375,8.5299233985412143965731956996023654937744140625,5.86870937223426381024182774126529693603515625,1.5900143436994511603188584558665752410888671875,16.6905728324228590508937486447393894195556640625,-1338.76460410007939572096802294254302978515625,
Repeat,Generation,X1,X2,X3,X4,X5,X6,X7,X8,X9,X10,X11,X12,X13,X14,X15,X16,X17,X18,X19,X20,X21,X22,X23,X24,X25,X26,X27,X28,X29,X30,F(x)
8,0,67.766350291451772136497311294078826904296875,34.812463759270002583434688858687877655029296875,42.49702444532607614746666513383388519287109375,-8.0660420545060560471029020845890045166015625,27.3964659566026824677464901469647884368896484375,95.397808771019612095187767408788204193115234375,-17.6549577318643713397250394336879253387451171875,-22.4707785271767335188997094519436359405517578125,-2.6398510696737531588951242156326770782470703125,11.4841151158177439128849073313176631927490234375,-90.6064027832880611867949482984840869903564453125,-18.1981872005371343448132392950356006622314453125,36.619159520249041861461591906845569610595703125,-45.69536423841059757933180662803351879119873046875,-4.965361491744744171228376217186450958251953125,-6.14337595751823073442210443317890167236328125,21.170690023499247445215587504208087921142578125,-13.5532700582903515851285192184150218963623046875,66.53340250862146376675809733569622039794921875,-18.2103946043275328747768071480095386505126953125,93.53617969298380785403423942625522613525390625,-29.5754875331888769096622127108275890350341796875,91.485335856196769555026548914611339569091796875,2.0294808801538266607167315669357776641845703125,-8.2125308999908384066657163202762603759765625,-24.7718741416669132604511105455458164215087890625,-16.977446821497238715892308391630649566650390625,-2.3163548692281921148605761118233203887939453125,99.93896298104800735018216073513031005859375,61.62602618488114103456609882414340972900390625,-22251.01617875436204485595226287841796875,
8,900,8.3223975341044393871925421990454196929931640625,1.3031403546250857061750139109790325164794921875,4.3549913022248034621952683664858341217041015625,-8.4078493606372290969375171698629856109619140625,-4.5869319742423755315030575729906558990478515625,-0.955229346598713391358614899218082427978515625,5.6062501907406812051704037003219127655029296875,-2.8107547227393325783850741572678089141845703125,4.18408764915920983185060322284698486328125,11.5817743461409321525934501551091670989990234375,7.9805902279732663373579271137714385986328125,-2.13324381237219995455234311521053314208984375,-16.2877285073397075620960094965994358062744140625,-0.857570116275525151650072075426578521728515625,11.5634632404553343576480983756482601165771484375,-3.146458326975306363237905316054821014404296875,0.991851557969908981249318458139896392822265625,0.2471999267555702317622490227222442626953125,2.1759697256386090202795458026230335235595703125,-1.3824884792626761509382049553096294403076171875,4.3733024079104012571406201459467411041259765625,-3.4455397198400845582000329159200191497802734375,0.430310983611576602925197221338748931884765625,2.0294808801538266607167315669357776641845703125,-4.2512283700064159575049416162073612213134765625,-0.5096591082491528368336730636656284332275390625,-12.4362926114688576717526302672922611236572265625,1.5350810266426577754828031174838542938232421875,1.3702810754722776209746371023356914520263671875,-0.2533036286507837075987481512129306793212890625,-1028.80860236151738718035630881786346435546875,
Repeat,Generation,X1,X2,X3,X4,X5,X6,X7,X8,X9,X10,X11,X12,X13,X14,X15,X16,X17,X18,X19,X20,X21,X22,X23,X24,X25,X26,X27,X28,X29,X30,F(x)
9,0,-6.6927091280861787936373730190098285675048828125,-32.670064394055003731409669853746891021728515625,84.911648915066990639388677664101123809814453125,23.5694448683126296373302466236054897308349609375,-17.3986022522660022104901145212352275848388671875,-12.3325296792504701670623035170137882232666015625,-37.5957518234809384694017353467643260955810546875,43.034150212103639887573081068694591522216796875,-52.031006805627612266107462346553802490234375,71.166112247077847996479249559342861175537109375,-99.798577837458424255601130425930023193359375,-6.5279091769157986391292070038616657257080078125,-91.6013061922055698005351587198674678802490234375,48.4237189855647329750354401767253875732421875,8.1820123905148420817567966878414154052734375,95.312356944486822385442792437970638275146484375,75.402081362346280002384446561336517333984375,-9.2318491164891582911877776496112346649169921875,-4.1962950529496225726688862778246402740478515625,18.680379650257890489228884689509868621826171875,-20.4504531998657199665103689767420291900634765625,-55.5040131839960935167255229316651821136474609375,87.1883297219764017427223734557628631591796875,27.0241401409955273038576706312596797943115234375,-13.99273659474471287467167712748050689697265625,39.6526993621631618225364945828914642333984375,-85.6440931424909166480574640445411205291748046875,84.08154545731986218015663325786590576171875,28.403576769310575400595553219318389892578125,-13.91949217200232169489027000963687896728515625,-20214.52685555480638868175446987152099609375,
9,900,-1.290932950834672965356730856001377105712890625,6.43024994659259618856594897806644439697265625,4.3183690908536078723045648075640201568603515625,-7.5533310953093035777783370576798915863037109375,-5.6062501907406812051704037003219127655029296875,3.244117557298494602946448139846324920654296875,1.052888576921901631067157723009586334228515625,1.7487105929746320498452405445277690887451171875,-8.1026642658772516369936056435108184814453125,0.637836848048351612305850721895694732666015625,0.1800592059083783169626258313655853271484375,6.686605426190993739510304294526576995849609375,31.498153630176688011488295160233974456787109375,-8.2369457075716354665928520262241363525390625,-6.22272408215582117918529547750949859619140625,11.7465742973113123071016161702573299407958984375,-2.8046510208441333134032902307808399200439453125,0.2471999267555702317622490227222442626953125,3.244117557298494602946448139846324920654296875,-0.4852443006683557769065373577177524566650390625,-4.5381023590807814116487861610949039459228515625,9.5309305093539222752951900474727153778076171875,3.036591692861719593565794639289379119873046875,1.3275551622058827661021496169269084930419921875,19.5165868099002040025879978202283382415771484375,2.1332438123722141654070583172142505645751953125,0.796533097323532501832232810556888580322265625,-12.5888851588488392962972284294664859771728515625,-0.936918240913115596413263119757175445556640625,-4.4770653401287887618309468962252140045166015625,-1218.7572170762914538499899208545684814453125,
Repeat,Generation,X1,X2,X3,X4,X5,X6,X7,X8,X9,X10,X11,X12,X13,X14,X15,X16,X17,X18,X19,X20,X21,X22,X23,X24,X25,X26,X27,X28,X29,X30,F(x)
10,0,96.990874965666677098852233029901981353759765625,32.2794274727622223508660681545734405517578125,-75.829340495010228551109321415424346923828125,-51.18869594409009238233920768834650516510009765625,-6.36921292764060353874810971319675445556640625,72.679830317087322555380524136126041412353515625,21.95806756797998104957514442503452301025390625,12.6499221778008319461150676943361759185791015625,-6.28376110110781382900313474237918853759765625,-2.5971251564073583040226367302238941192626953125,-76.854762413403733489758451469242572784423828125,-6.37531662953580280372989363968372344970703125,-42.997528000732444297682377509772777557373046875,47.4044007690664557230775244534015655517578125,-27.115695669423502067729714326560497283935546875,-52.09814752647481128633444313891232013702392578125,25.63249610889005225544678978621959686279296875,-42.7289651173436624276291695423424243927001953125,72.0023194067201757206930778920650482177734375,-5.68559831537828586078830994665622711181640625,-4.7700430310983534809565753675997257232666015625,12.2592852565080789872808963991701602935791015625,-37.94366283150731078421813435852527618408203125,6.802575762199779774164198897778987884521484375,-50.4928739280373548581337672658264636993408203125,99.450666829432037729930016212165355682373046875,-36.21021149327066979139999602921307086944580078125,68.022705771050141265732236206531524658203125,52.104251228370003445888869464397430419921875,-18.11273537400433042421354912221431732177734375,-19378.81831271785267745144665241241455078125,
10,900,1.5533921323282555704281548969447612762451171875,4.5686208685567777365577057935297489166259765625,6.656086916714997414601384662091732025146484375,0.814844203009130296777584590017795562744140625,7.9866939298684656023397110402584075927734375,0.1190221869563856671447865664958953857421875,-0.2777184362315807675258838571608066558837890625,3.604235969115279658581130206584930419921875,-2.8168584246345318433668580837547779083251953125,-12.192144535660872861626558005809783935546875,12.2592852565080789872808963991701602935791015625,-3.128147221289708568292553536593914031982421875,4.06201361125522453221492469310760498046875,0.2471999267555702317622490227222442626953125,19.1991943113498422235352336429059505462646484375,-0.0396740623187952223815955221652984619140625,-11.7526779992065115720834000967442989349365234375,3.152562028870505628219689242541790008544921875,2.798547318948948259276221506297588348388671875,-1.095614490188296485939645208418369293212890625,1.3519699697866798260292853228747844696044921875,7.5411236915189192586694844067096710205078125,-8.6825159459211960211177938617765903472900390625,-3.6408581804864610376171185635030269622802734375,-0.4119998779259645971251302398741245269775390625,-6.8086794640949648282912676222622394561767578125,11.7343668935209137771380483172833919525146484375,2.822962126529745319203357212245464324951171875,-7.2542497024445395936709246598184108734130859375,7.034516434217351843471988104283809661865234375,-1147.374615955653325727325864136219024658203125,
Repeat,Generation,X1,X2,X3,X4,X5,X6,X7,X8,X9,X10,X11,X12,X13,X14,X15,X16,X17,X18,X19,X20,X21,X22,X23,X24,X25,X26,X27,X28,X29,X30,F(x)
11,0,74.46211127048553635177086107432842254638671875,44.883571886349074020472471602261066436767578125,-23.5511337626270318423848948441445827484130859375,6.808679464094979039145982824265956878662109375,20.4199346903897236416014493443071842193603515625,46.794030579546500803189701400697231292724609375,-55.4795983764152964567983872257173061370849609375,-88.5860774559770476344056078232824802398681640625,-99.798577837458424255601130425930023193359375,-21.6528824732200035896312328986823558807373046875,-20.7739494003112810105449170805513858795166015625,-96.3072603534043452100377180613577365875244140625,-27.7809991760002361615988775156438350677490234375,-3.3539841914120955834732740186154842376708984375,-25.144199957274082635194645263254642486572265625,-64.995269631031220569639117456972599029541015625,-87.011322367015594636541209183633327484130859375,-91.845454268013554610661230981349945068359375,34.56831568346200356245390139520168304443359375,-10.5868709372234235388532397337257862091064453125,-15.036469618823815608266158960759639739990234375,-20.969267860957671700816717930138111114501953125,41.001617481002227805220172740519046783447265625,32.663960692159804466427885927259922027587890625,-55.80309457686086460626029293052852153778076171875,27.3171178319650920229832991026341915130615234375,-17.95403912472914953468716703355312347412109375,-79.058198797570724991601309739053249359130859375,11.7099520859401167172109126113355159759521484375,3.231910153508096072982880286872386932373046875,-21789.67717160215761396102607250213623046875,
11,900,-1.88909573656422935528098605573177337646484375,3.030487990966520328584010712802410125732421875,0.1007110812707878721994347870349884033203125,-4.6418652912991689163391129113733768463134765625,-8.4261604663228268918828689493238925933837890625,-0.772118289742735441905097104609012603759765625,-3.787347025971257608034648001194000244140625,-0.2533036286507837075987481512129306793212890625,1.113925595873894280884996987879276275634765625,1.2909329508346871762114460580050945281982421875,-4.2512283700064159575049416162073612213134765625,-4.8371837519455453957561985589563846588134765625,-12.265388958403264041407965123653411865234375,-0.790429395428333236850448884069919586181640625,-4.953154087954345641264808364212512969970703125,-7.3091830195013329785069799982011318206787109375,-0.2533036286507837075987481512129306793212890625,-15.9215063936277374523342587053775787353515625,-28.6233100375377631507944897748529911041259765625,4.6296578875087703863755450583994388580322265625,-9.2684713278603538810784812085330486297607421875,0.0091555528427988974726758897304534912109375,4.6052430799279733264484093524515628814697265625,-0.3326517532883741523619391955435276031494140625,1.4557329020050673307196120731532573699951171875,8.5421308023316129265367635525763034820556640625,-1.84026612140263523542671464383602142333984375,-2.6886806848353472787493956275284290313720703125,8.0294198431348604572121985256671905517578125,3.231910153508096072982880286872386932373046875,-1182.34454943527953219017945230007171630859375,
Repeat,Generation,X1,X2,X3,X4,X5,X6,X7,X8,X9,X10,X11,X12,X13,X14,X15,X16,X17,X18,X19,X20,X21,X22,X23,X24,X25,X26,X27,X28,X29,X30,F(x)
12,0,48.5702078310495153345982544124126434326171875,99.389629810480045080112176947295665740966796875,4.28174687948239807155914604663848876953125,14.963225196081424428484751842916011810302734375,-57.5609607226783026590055669657886028289794921875,27.2804956205938964330925955437123775482177734375,67.845698416089362581260502338409423828125,14.468825342570283964960253797471523284912109375,-72.3868526261177436254001804627478122711181640625,-59.25778984954374806193300173617899417877197265625,-15.097506637775808258083998225629329681396484375,82.915738395336774146926472894847393035888671875,4.8738059633167409856469021178781986236572265625,65.63005462813197254945407621562480926513671875,-28.714865565965766336375963874161243438720703125,63.9881588183233134259353391826152801513671875,-36.27735221411786170619961922056972980499267578125,-61.27811517685476161432234221138060092926025390625,95.8922086245307809804216958582401275634765625,-92.3154393139439122251133085228502750396728515625,18.967253639332255943372729234397411346435546875,-70.708334604937903122845455072820186614990234375,84.307382427442234984482638537883758544921875,-18.4362315744499056791028124280273914337158203125,36.527603991821052886734833009541034698486328125,-56.3890499588000153607936226762831211090087890625,62.82845545823539623597753234207630157470703125,-1.101718192083495750921429134905338287353515625,-24.839014862514119386105448938906192779541015625,47.3006378368480682183871977031230926513671875,-21646.08986473496406688354909420013427734375,
12,900,3.982665486617634087451733648777008056640625,1.3275551622058827661021496169269084930419921875,2.0477919858394244556620833463966846466064453125,6.906338694418167278854525648057460784912109375,-1.132236701559492075830348767340183258056640625,-3.4821619312112801480907364748418331146240234375,11.7465742973113123071016161702573299407958984375,1.3702810754722776209746371023356914520263671875,7.9378643147068714824854396283626556396484375,1.101718192083495750921429134905338287353515625,-3.6652729880672580975442542694509029388427734375,-2.2614215521713987300245207734405994415283203125,1.7487105929746320498452405445277690887451171875,15.7444990386669445570078096352517604827880859375,-0.4547257911923594519976177252829074859619140625,-2.8046510208441333134032902307808399200439453125,-2.5238807336649671242412296123802661895751953125,1.7303994872890342548998887650668621063232421875,-0.875881221961122946595423854887485504150390625,-0.2533036286507837075987481512129306793212890625,0.424207281716377337943413294851779937744140625,-3.909421063875242907670326530933380126953125,4.5136875514999843517216504551470279693603515625,-8.0721457564012553120846860110759735107421875,-8.1637012848292442868114449083805084228515625,-12.6865443891720275360057712532579898834228515625,1.1871700186162996715211193077266216278076171875,-1.101718192083495750921429134905338287353515625,2.7130954924161443386765313334763050079345703125,-7.8279976805932847128133289515972137451171875,-1027.364901740415234598913230001926422119140625,
Repeat,Generation,X1,X2,X3,X4,X5,X6,X7,X8,X9,X10,X11,X12,X13,X14,X15,X16,X17,X18,X19,X20,X21,X22,X23,X24,X25,X26,X27,X28,X29,X30,F(x)
13,0,11.3803521835993564081945805810391902923583984375,-59.3615527817621426720506860874593257904052734375,-49.33927426984465824943981715478003025054931640625,-71.7215491195409953206763020716607570648193359375,-39.5367290261543615770278847776353359222412109375,-30.814539017914370333528495393693447113037109375,-90.6430249946592567766856518574059009552001953125,-59.5141453291421242965952842496335506439208984375,40.855128635517445445657358504831790924072265625,15.018158513138217813320807181298732757568359375,-1.82195501571703744048136286437511444091796875,-3.6530655842768595675806864164769649505615234375,29.245887630848102389791165478527545928955078125,-30.5337687307351899335117195732891559600830078125,-17.5572985015411831000164966098964214324951171875,-27.99462874233222464681603014469146728515625,-36.36280404065065141594459419138729572296142578125,40.452284310434293956859619356691837310791015625,-36.26514481032746317623605136759579181671142578125,-51.26804406872768282710239873267710208892822265625,-76.4580217902157670550877810455858707427978515625,-60.02685628833887676591984927654266357421875,-83.751945554979101871140301227569580078125,-35.215308084353154072232428006827831268310546875,-58.83663441877498456733519560657441616058349609375,-23.7647633289590203276020474731922149658203125,6.57673879207737854812876321375370025634765625,22.3731192968535452791911666281521320343017578125,-60.5639820551164262951715500093996524810791015625,-55.22934659871211948711788863874971866607666015625,-20541.519684628859977237880229949951171875,
13,900,11.3803521835993564081945805810391902923583984375,-4.3916135135959990520859719254076480865478515625,12.2348704489272819273537606932222843170166015625,3.115939817499310038328985683619976043701171875,1.7487105929746320498452405445277690887451171875,0.1739555040131790519808419048786163330078125,1.3214514603106835011203656904399394989013671875,-2.09051789910580509967985562980175018310546875,5.3193762016663157510265591554343700408935546875,11.7465742973113123071016161702573299407958984375,1.7487105929746320498452405445277690887451171875,-0.753807184057137646959745325148105621337890625,-6.7293313394573743835280765779316425323486328125,3.738517410809663488180376589298248291015625,-7.3274941251869307734523317776620388031005859375,-3.750724814600062018143944442272186279296875,-4.2512283700064159575049416162073612213134765625,-1.126132999664292810848564840853214263916015625,0.839259010589927356704720295965671539306640625,2.4689474166081737394051742739975452423095703125,-3.8544877468184495228342711925506591796875,-5.75273903622547777558793313801288604736328125,-7.7547532578508935330319218337535858154296875,0.0946073793755886072176508605480194091796875,0.619525742362753817360498942434787750244140625,-0.772118289742735441905097104609012603759765625,-7.7608569597460927980137057602405548095703125,-0.753807184057137646959745325148105621337890625,-0.894192327646720741540775634348392486572265625,2.1881771294290075502431136555969715118408203125,-1087.126096965071383237955160439014434814453125,
Repeat,Generation,X1,X2,X3,X4,X5,X6,X7,X8,X9,X10,X11,X12,X13,X14,X15,X16,X17,X18,X19,X20,X21,X22,X23,X24,X25,X26,X27,X28,X29,X30,F(x)
14,0,-64.3787957396160805956242256797850131988525390625,64.1590624713888928454252891242504119873046875,-84.3440046388134447852280572988092899322509765625,66.23432111575669978265068493783473968505859375,66.936246833704643677265266887843608856201171875,-32.889797662282177270753891207277774810791015625,6.57063509018217928314697928726673126220703125,33.96404919583727632925729267299175262451171875,-0.759910885952336911941529251635074615478515625,72.527237769707340930835925973951816558837890625,-59.77660451063569979623935068957507610321044921875,-51.85399945066682647620837087742984294891357421875,36.704611346781831571206566877663135528564453125,24.619281594286945846761227585375308990478515625,49.150059511093473929577157832682132720947265625,-72.7042451246681054044529446400701999664306640625,42.17963194677571436841390095651149749755859375,-33.091219824823753015152760781347751617431640625,0.1678518021179797869990579783916473388671875,20.6518753624072957109092385508120059967041015625,-51.78075502792443529642696375958621501922607421875,-80.5658131656849860746660851873457431793212890625,-44.15112765892514090637632762081921100616455078125,58.897671437726984322580392472445964813232421875,-8.5787530137028085164274671114981174468994140625,-68.3828241828669121105122030712664127349853515625,-41.83172093874934915902485954575240612030029296875,15.6346324045533577873356989584863185882568359375,-95.8800012207403824504581280052661895751953125,64.4154179509872619746602140367031097412109375,-18571.81676117356983013451099395751953125,
14,900,4.2451246681112024816684424877166748046875,2.0172734763634281307531637139618396759033203125,-1.5411847285378570404645870439708232879638671875,-7.8951384014404766276129521429538726806640625,-12.3508407849360679620076552964746952056884765625,6.24713888973661823911243118345737457275390625,1.089510788293097220957861281931400299072265625,-3.885006256294445847743190824985504150390625,-0.759910885952336911941529251635074615478515625,2.4750511185033730043869582004845142364501953125,-2.4262215033417788845326867885887622833251953125,2.938932462538531353857251815497875213623046875,-1.150547807245089870775700546801090240478515625,1.058992278817100896048941649496555328369140625,-2.3163548692281921148605761118233203887939453125,-3.7079989013336529524167417548596858978271484375,11.6245002594073270074659376405179500579833984375,-3.872798852504047317779622972011566162109375,-0.2899258400219792974894517101347446441650390625,0.704977568895543527105473913252353668212890625,1.5167699209570599805374513380229473114013671875,5.86870937223426381024182774126529693603515625,1.3031403546250857061750139109790325164794921875,1.5839106418042518953370745293796062469482421875,0.2471999267555702317622490227222442626953125,4.7456282235175564210294396616518497467041015625,11.7465742973113123071016161702573299407958984375,1.5778069399090526303552906028926372528076171875,7.6448866237373067633598111569881439208984375,15.7444990386669445570078096352517604827880859375,-1037.245633354435312867281027138233184814453125,
Repeat,Generation,X1,X2,X3,X4,X5,X6,X7,X8,X9,X10,X11,X12,X13,X14,X15,X16,X17,X18,X19,X20,X21,X22,X23,X24,X25,X26,X27,X28,X29,X30,F(x)
15,0,19.4067201757866172329158871434628963470458984375,12.3630481887264664919712231494486331939697265625,43.6201055940427977475337684154510498046875,60.155034028138061330537311732769012451171875,-17.4657429731131941252897377125918865203857421875,-60.70436719870601649517993791960179805755615234375,95.239112521744431205661385320127010345458984375,-33.5123752555925165097505669109523296356201171875,41.392254402294980764054344035685062408447265625,97.34488967558826288950513117015361785888671875,9.0426343577379810767524759285151958465576171875,46.38508255256812162770074792206287384033203125,-68.791772209845277075146441347897052764892578125,-28.3364360484633976966506452299654483795166015625,0.2166814172795739068533293902873992919921875,-13.8645588549455140991994994692504405975341796875,29.44730979338970655589946545660495758056640625,35.239722891933951132159563712775707244873046875,79.271828363902699265963747166097164154052734375,-63.69518112735374160138235311023890972137451171875,-88.2808923612170701744616962969303131103515625,-37.83379619739372401454602368175983428955078125,-47.019867549668873607515706680715084075927734375,41.361735892818984439145424403250217437744140625,13.67534409619435109561891295015811920166015625,72.753074739829713735161931253969669342041015625,-10.6540116580706154536528629250824451446533203125,18.01507614368114218450500629842281341552734375,43.65672780541399333742447197437286376953125,25.046540726950894395486102439463138580322265625,-21623.25994977427399135194718837738037109375,
15,900,-1.3824884792626761509382049553096294403076171875,-8.0477309488204582521575503051280975341796875,15.5919064912869629324632114730775356292724609375,7.235938596758927587870857678353786468505859375,1.3519699697866798260292853228747844696044921875,2.1393475142674134303888422437012195587158203125,-6.7537461470381714434552122838795185089111328125,3.555406353953685538726858794689178466796875,3.170873134556103423165041022002696990966796875,2.4323252052369781495144707150757312774658203125,-4.7639393292031542159747914411127567291259765625,-2.5421918393505649191865813918411731719970703125,2.4689474166081737394051742739975452423095703125,-3.6469618823816603025989024899899959564208984375,1.065095980712300161030725575983524322509765625,-1.052888576921901631067157723009586334228515625,1.3092440565202849711567978374660015106201171875,-3.799554429761656137998215854167938232421875,15.5674916837061658725360757671296596527099609375,6.51570177312538589831092394888401031494140625,-1.303140354625071495320298708975315093994140625,4.3244727927488071372863487340509891510009765625,-0.753807184057137646959745325148105621337890625,8.0599383526108567821211181581020355224609375,6.38752403332620133369346149265766143798828125,3.054902798547317388511146418750286102294921875,0.1678518021179797869990579783916473388671875,3.52488784447768921381793916225433349609375,2.1332438123722141654070583172142505645751953125,10.672322763756227459452929906547069549560546875,-1058.19267667896929197013378143310546875,
Repeat,Generation,X1,X2,X3,X4,X5,X6,X7,X8,X9,X10,X11,X12,X13,X14,X15,X16,X17,X18,X19,X20,X21,X22,X23,X24,X25,X26,X27,X28,X29,X30,F(x)
16,0,14.09649952696310037936200387775897979736328125,32.1268349253822407263214699923992156982421875,8.9083529160435688254437991417944431304931640625,13.3884701071199714306203532032668590545654296875,-24.5216223639637433961979695595800876617431640625,-30.906094546342359308255254290997982025146484375,27.2621845149082986381472437642514705657958984375,22.9956968901638703073331271298229694366455078125,28.4951322977385643753223121166229248046875,-50.4745628223517570631884154863655567169189453125,-77.6299325540940543532997253350913524627685546875,-34.788048951689205523507553152740001678466796875,-0.4119998779259645971251302398741245269775390625,-11.3315225684377622883403091691434383392333984375,-9.2928861354411509410056169144809246063232421875,-63.24961088900418104685741127468645572662353515625,2.902310251167335763966548256576061248779296875,8.1209753715628494319389574229717254638671875,48.4237189855647329750354401767253875732421875,42.37495040742209084783098660409450531005859375,27.94579912717063052696175873279571533203125,96.502578814050735900309518910944461822509765625,24.0516373180333857817458920180797576904296875,-25.84612567522202652980922721326351165771484375,92.101809747611923739896155893802642822265625,-64.757225257118449235349544323980808258056640625,39.6221808526871654976275749504566192626953125,23.6182744834742237571845180355012416839599609375,-34.4645527512436302686182898469269275665283203125,8.7008270516067938160631456412374973297119140625,-16887.7093812312450609169900417327880859375,
16,900,4.5381023590807814116487861610949039459228515625,8.1514938810388457568478770554065704345703125,0.582903530991558227469795383512973785400390625,4.0498062074648260022513568401336669921875,8.5055085909604173366460599936544895172119140625,-5.111850337229526530791190452873706817626953125,8.4322641682180261568646528758108615875244140625,-3.5004730368968779430360882543027400970458984375,2.896206549272136498984764330089092254638671875,19.7485274819177760718957870267331600189208984375,3.799554429761656137998215854167938232421875,-3.6713766899624573625260381959378719329833984375,-0.4119998779259645971251302398741245269775390625,0.973540452284311186303966678678989410400390625,1.2421033356730930563571746461093425750732421875,0.637836848048351612305850721895694732666015625,2.902310251167335763966548256576061248779296875,4.6174504837183718564119772054255008697509765625,-11.972411267433699322282336652278900146484375,7.248146000549326117834425531327724456787109375,2.6825769829401480137676117010414600372314453125,-3.3906064027832911733639775775372982025146484375,-24.2652668843653600561083294451236724853515625,2.0722067934202215155892190523445606231689453125,-4.3061616870632093423409969545900821685791015625,3.244117557298494602946448139846324920654296875,27.6955473494674464518539025448262691497802734375,11.062959685048980418287101201713085174560546875,-3.048799096652118123529362492263317108154296875,2.1881771294290075502431136555969715118408203125,-1136.511040634390383274876512587070465087890625,
Repeat,Generation,X1,X2,X3,X4,X5,X6,X7,X8,X9,X10,X11,X12,X13,X14,X15,X16,X17,X18,X19,X20,X21,X22,X23,X24,X25,X26,X27,X28,X29,X30,F(x)
17,0,3.469954527420867407272453419864177703857421875,5.2461317789239245712451520375907421112060546875,-15.9092989898373389223706908524036407470703125,53.56913968321788388493587262928485870361328125,17.081209753715626220582635141909122467041015625,-95.6541642506179954352774075232446193695068359375,-10.971404156620991443560342304408550262451171875,-6.7598498489333707084369962103664875030517578125,-35.038300729392375387760694138705730438232421875,-12.973418378246407201004331000149250030517578125,61.65044099246193809449323453009128570556640625,3.176976836451302688146824948489665985107421875,-89.3795587023529805037469486705958843231201171875,48.2100894192327587006730027496814727783203125,-49.29044465468306412958554574288427829742431640625,11.9296853541672902565551339648663997650146484375,30.75350199896234926200122572481632232666015625,-32.5601977599414027508828439749777317047119140625,39.341410565507970886756083928048610687255859375,-31.6080202642902889920151210390031337738037109375,-58.81221961119418750740805990062654018402099609375,37.37601855525377914091222919523715972900390625,-44.18774987029633649626703117974102497100830078125,18.430127872554720624975743703544139862060546875,-49.83367412335582002924638800323009490966796875,-22.6355784783471136734078754670917987823486328125,3.372295297097679167563910596072673797607421875,23.2337412640766700633321306668221950531005859375,-5.5513168736838878203343483619391918182373046875,42.56416516617326806226628832519054412841796875,-19173.136293840288999490439891815185546875,
17,900,3.335673085726483577673207037150859832763671875,-2.03558458204901171484380029141902923583984375,-2.2553178502761994650427368469536304473876953125,1.7303994872890342548998887650668621063232421875,3.653065584276873778435401618480682373046875,-7.4068422498245212182155228219926357269287109375,0.924710837122717066449695266783237457275390625,1.028473769341104571140022017061710357666015625,2.7008880886257458087129634805023670196533203125,0.479140598773170722779468633234500885009765625,1.7487105929746320498452405445277690887451171875,3.176976836451302688146824948489665985107421875,-12.5522629474776437064065248705446720123291015625,-7.3946348460341226882519549690186977386474609375,1.5778069399090526303552906028926372528076171875,-1.90130314035462788524455390870571136474609375,1.7487105929746320498452405445277690887451171875,3.292947172460088722800719551742076873779296875,2.5238807336649671242412296123802661895751953125,15.4210028382213835129732615314424037933349609375,4.0498062074648260022513568401336669921875,3.366191595202479902582126669585704803466796875,4.7456282235175564210294396616518497467041015625,1.2359996337778937913753907196223735809326171875,8.4688863795892217467553564347326755523681640625,-8.1392864772484472268843092024326324462890625,5.1667836542863341264819609932601451873779296875,1.5472884304330563054463709704577922821044921875,0.491348002563569252743036486208438873291015625,2.932828760643332088875467889010906219482421875,-1044.703033275494135523331351578235626220703125,
Repeat,Generation,X1,X2,X3,X4,X5,X6,X7,X8,X9,X10,X11,X12,X13,X14,X15,X16,X17,X18,X19,X20,X21,X22,X23,X24,X25,X26,X27,X28,X29,X30,F(x)
18,0,67.442854091006182670753332786262035369873046875,5.1240577410199392716094735078513622283935546875,1.4069032868434732108653406612575054168701171875,29.58159123508409038549871183931827545166015625,4.4404431287575931719402433373034000396728515625,-43.60179448835719284716105903498828411102294921875,19.8156682027649679866954102180898189544677734375,19.4433423871578128228065907023847103118896484375,31.559190649128680661306134425103664398193359375,-12.179937131870474331662990152835845947265625,66.44184698019347479203133843839168548583984375,99.91454817346721029025502502918243408203125,75.078585161900690536640468053519725799560546875,-11.7954039124729064269558875821530818939208984375,64.4459364604632582995691336691379547119140625,-42.930387279885252382882754318416118621826171875,-54.14899136326181405820534564554691314697265625,-78.4051026947843894276957144029438495635986328125,10.26337473677784828396397642791271209716796875,92.211676381725510509568266570568084716796875,0.662251655629148672232986427843570709228515625,-68.193609424115720685222186148166656494140625,-60.4846339304788358504083589650690555572509765625,42.06976531266212759874179027974605560302734375,-33.7015900143436937241858686320483684539794921875,57.036042359691151659717434085905551910400390625,32.694479201635800791336805559694766998291015625,39.9029511398663316867896355688571929931640625,28.03125095370342023670673370361328125,-12.118900112918481681845150887966156005859375,-20807.2496880069447797723114490509033203125,
18,900,-4.6296578875087703863755450583994388580322265625,1.2665181432538901162843103520572185516357421875,-5.81377605517747042540577240288257598876953125,-16.5929136020996708111852058209478855133056640625,1.052888576921901631067157723009586334228515625,-11.6122928556169284775023697875440120697021484375,3.69579149754326863330788910388946533203125,2.4567400128177752094416064210236072540283203125,7.5716422009949155835784040391445159912109375,1.6022217474898496902824263088405132293701171875,0.576799829096358962488011457026004791259765625,-0.906399731437119271504343487322330474853515625,0.399792474135580278016277588903903961181640625,-0.2533036286507837075987481512129306793212890625,-7.9683828241828678073943592607975006103515625,-0.753807184057137646959745325148105621337890625,5.7100131229590687098607304506003856658935546875,1.7487105929746320498452405445277690887451171875,5.5330057679982900253889965824782848358154296875,-0.5035554063539535718518891371786594390869140625,1.168858912930687665721052326261997222900390625,2.0477919858394244556620833463966846466064453125,-8.6581011383403989611906581558287143707275390625,2.1759697256386090202795458026230335235595703125,-0.955229346598713391358614899218082427978515625,3.689687795648069368326105177402496337890625,3.299050874355287987782503478229045867919921875,3.238013855403295337964664213359355926513671875,-7.3458052308725285683976835571229457855224609375,11.7465742973113123071016161702573299407958984375,-1094.586363863851829592022113502025604248046875,
Repeat,Generation,X1,X2,X3,X4,X5,X6,X7,X8,X9,X10,X11,X12,X13,X14,X15,X16,X17,X18,X19,X20,X21,X22,X23,X24,X25,X26,X27,X28,X29,X30,F(x)
19,0,61.076693014313178764496115036308765411376953125,-0.863673818170724416631856001913547515869140625,14.05377361369670552448951639235019683837890625,36.1064485610522751812823116779327392578125,46.525467696157733143991208635270595550537109375,-26.20014038514358389875269494950771331787109375,-79.7906430249946652111248113214969635009765625,-91.991943113498336970224045217037200927734375,78.972746971037935281856334768235683441162109375,11.252174443800157632722402922809123992919921875,24.668111209448539966615498997271060943603515625,1.9867549668874318058442440815269947052001953125,71.062349314859460491788922809064388275146484375,91.051973021637621741319890134036540985107421875,-33.194982757042140519843087531626224517822265625,27.84813989684744228725321590900421142578125,-10.5136265144810323590718326158821582794189453125,-35.5021820734275337372309877537190914154052734375,9.76897488326670782043947838246822357177734375,-80.858790856654565004646428860723972320556640625,-45.91509750663777822410338558256626129150390625,-18.4545426801355034740481642074882984161376953125,-22.7698599200414975030071218498051166534423828125,4.6235541856135711213937611319124698638916015625,-21.6589861751152028546130168251693248748779296875,-42.783898434400470023319940082728862762451171875,-54.17340617084261111813248135149478912353515625,46.824549089022497128098621033132076263427734375,22.5318155461287261687175487168133258819580078125,12.1433149204992929526270017959177494049072265625,-19599.50304080296700703911483287811279296875,
19,900,-2.5238807336649671242412296123802661895751953125,19.6508682515945878321872442029416561126708984375,3.775139622180859078071080148220062255859375,-12.4057741019928613468437106348574161529541015625,-0.4669331949827579819611855782568454742431640625,11.7465742973113123071016161702573299407958984375,3.244117557298494602946448139846324920654296875,-0.3509628589739719473072909750044345855712890625,1.2726218451490893812660942785441875457763671875,0.466933194982772192815900780260562896728515625,-2.3712881862849854996966314502060413360595703125,1.9867549668874318058442440815269947052001953125,0.692770165105144997141906060278415679931640625,0.613422040467554552378715015947818756103515625,-8.2430494094668347315746359527111053466796875,-16.5929136020996708111852058209478855133056640625,-5.014191106906338291082647629082202911376953125,8.7496566667683879359174170531332492828369140625,-4.928739280373548581337672658264636993408203125,4.3549913022248034621952683664858341217041015625,-0.4303109836115623920704820193350315093994140625,2.3163548692281921148605761118233203887939453125,2.4140140995513803545691189356148242950439453125,-4.6845912045655637712116003967821598052978515625,0.863673818170724416631856001913547515869140625,1.7487105929746320498452405445277690887451171875,4.007080294198431147378869354724884033203125,8.1942197943052406117203645408153533935546875,1.4862514114810636556285317055881023406982421875,4.5258949552903828816852183081209659576416015625,-1055.58870966730637519503943622112274169921875,
Repeat,Generation,X1,X2,X3,X4,X5,X6,X7,X8,X9,X10,X11,X12,X13,X14,X15,X16,X17,X18,X19,X20,X21,X22,X23,X24,X25,X26,X27,X28,X29,X30,F(x)
20,0,-56.72475356303598204021909623406827449798583984375,9.1158787804803722565338830463588237762451171875,-19.5165868099002040025879978202283382415771484375,42.735068819238875903465668670833110809326171875,-57.103183080538343574517057277262210845947265625,4.251228370006401746650226414203643798828125,95.117038483840445906025706790387630462646484375,-0.1800592059083783169626258313655853271484375,-73.77849665822321867381106130778789520263671875,-58.5009308145390178879097220487892627716064453125,-36.91213721121859947515986277721822261810302734375,-79.8699911496322556558880023658275604248046875,-33.80535294656209543973091058433055877685546875,3.81786553544725393294356763362884521484375,-33.079012421033354485189192928373813629150390625,44.03515732291634776629507541656494140625,9.2318491164891582911877776496112346649169921875,22.2754600665303570394826238043606281280517578125,-22.4463637195959364589725737459957599639892578125,7.162694174016536408089450560510158538818359375,-20.035401470992155736894346773624420166015625,-73.284096804712049788577132858335971832275390625,-3.5493026520584720628903596661984920501708984375,-24.1920224616229688763269223272800445556640625,73.436689352092031413121731020510196685791015625,88.1954405346842804647167213261127471923828125,17.319254127628397554872208274900913238525390625,-5.4292428357799025206986698321998119354248046875,55.565050202948071955688646994531154632568359375,79.5403912472914953468716703355312347412109375,-21321.5636326159365125931799411773681640625,
20,900,3.207495345927299013055744580924510955810546875,12.1311075167088944226634339429438114166259765625,-4.2512283700064159575049416162073612213134765625,0.424207281716377337943413294851779937744140625,19.3456831568346245830980478785932064056396484375,2.1332438123722141654070583172142505645751953125,-0.753807184057137646959745325148105621337890625,0.2471999267555702317622490227222442626953125,0.991851557969908981249318458139896392822265625,-1.6144291512802482202459941618144512176513671875,-4.025391399884028942324221134185791015625,-1.5411847285378570404645870439708232879638671875,-8.2796716208380303214653395116329193115234375,-4.2817468794824122824138612486422061920166015625,6.680501724295794474528520368039608001708984375,5.97247230445265131493215449154376983642578125,3.787347025971257608034648001194000244140625,1.6388439588610452801731298677623271942138671875,1.7487105929746320498452405445277690887451171875,-1.6510513626514438101366977207362651824951171875,-0.1495406964323819920537061989307403564453125,-0.784325693533133971868664957582950592041015625,-2.4628437147129744744233903475105762481689453125,6.955168309579761398708797059953212738037109375,10.23285622730185195905505679547786712646484375,-4.2512283700064159575049416162073612213134765625,4.7090060121463608311387361027300357818603515625,-3.097628711813712243383633904159069061279296875,8.0843531601916538420482538640499114990234375,3.592028565324881128617562353610992431640625,-1099.44516585437804678804241120815277099609375,
Repeat,Generation,X1,X2,X3,X4,X5,X6,X7,X8,X9,X10,X11,X12,X13,X14,X15,X16,X17,X18,X19,X20,X21,X22,X23,X24,X25,X26,X27,X28,X29,X30,F(x)
21,0,-59.5995971556749140063402592204511165618896484375,-83.7275307473983048112131655216217041015625,-26.767784661397143963768030516803264617919921875,19.9682607501449780329494387842714786529541015625,10.666219061861028194471145980060100555419921875,45.457319864497804928760160692036151885986328125,43.36375011444442861829884350299835205078125,-23.8807336649678063622559420764446258544921875,-47.47154148991364053244979004375636577606201171875,23.3741264076662531579131609760224819183349609375,-2.3224585711233913798423600383102893829345703125,-17.349772637104393879781127907335758209228515625,-76.4397106845301692601424292661249637603759765625,-68.19971312601091995020397007465362548828125,24.832911160618920121123665012419223785400390625,35.807367168187511197174899280071258544921875,28.653828547013773686558124609291553497314453125,-62.852870265816221717614098452031612396240234375,-55.88244270149845505102348397485911846160888671875,20.5725272377697052661460475064814090728759765625,-46.4705343791009255483004380948841571807861328125,-51.10324411755730267259423271752893924713134765625,-41.154210028382209429764770902693271636962890625,93.041779839472638968800310976803302764892578125,-4.8677022614215417206651181913912296295166015625,51.823480941190837256726808845996856689453125,-0.3082369457075770924348034895956516265869140625,-50.6454664754173364826783654280006885528564453125,5.5146946623126922304436448030173778533935546875,17.508468886379574769307509995996952056884765625,-19711.59106971111395978368818759918212890625,
21,900,5.89922788171026013515074737370014190673828125,-1.065095980712300161030725575983524322509765625,9.2379528183843575561695615760982036590576171875,-2.8229621265297311083486420102417469024658203125,2.1698660237434097552977618761360645294189453125,-3.848384044923250257852487266063690185546875,0.411999877925978807979845441877841949462890625,3.750724814600062018143944442272186279296875,1.2848292489394879112296621315181255340576171875,-8.4749900814844210117371403612196445465087890625,-2.3224585711233913798423600383102893829345703125,7.8463087862788825077586807310581207275390625,-1.7181920834986357249363209120929241180419921875,0.625629444257953082342282868921756744384765625,2.2431104464858009350791689939796924591064453125,2.5299844355601663892230135388672351837158203125,7.9012421033356758925947360694408416748046875,3.830072939237652462907135486602783203125,11.7465742973113123071016161702573299407958984375,0.674459059419547202196554280817508697509765625,-0.753807184057137646959745325148105621337890625,11.4352855006561497930306359194219112396240234375,-1.284829248939473700374946929514408111572265625,-4.2756431775872130174320773221552371978759765625,-1.266518143253875905429595150053501129150390625,11.7465742973113123071016161702573299407958984375,1.120029297769093545866780914366245269775390625,11.5695669423505336226298823021352291107177734375,-3.268532364879291662873583845794200897216796875,-3.054902798547317388511146418750286102294921875,-1046.486099277876519408891908824443817138671875,
Repeat,Generation,X1,X2,X3,X4,X5,X6,X7,X8,X9,X10,X11,X12,X13,X14,X15,X16,X17,X18,X19,X20,X21,X22,X23,X24,X25,X26,X27,X28,X29,X30,F(x)
22,0,13.73027741325114448045496828854084014892578125,46.678060243537714768535806797444820404052734375,-66.26483962523269610755960457026958465576171875,-54.71663563951536701779332361184060573577880859375,11.221655934324161307813483290374279022216796875,-26.15741447187718904388020746409893035888671875,-27.8359324930570295464349328540265560150146484375,-55.29038361766411213693572790361940860748291015625,-39.011810663167210577739751897752285003662109375,-31.296731467635112267089425586163997650146484375,29.64873195593128230029833503067493438720703125,40.983306375316630010274820961058139801025390625,-64.4093142490920769205331453122198581695556640625,-43.68724631488998255690603400580585002899169921875,75.609607226783055011765100061893463134765625,42.38715781121248937779455445706844329833984375,6.955168309579761398708797059953212738037109375,43.992431409649952911422587931156158447265625,56.3951536606952004149206914007663726806640625,-24.1737113559373710813815705478191375732421875,-40.946684163945434420384117402136325836181640625,-25.5836664937284439247378031723201274871826171875,21.115756706442454060379532165825366973876953125,-50.22431104464858009350791689939796924591064453125,-40.25086214789269689617867697961628437042236328125,77.86797692800683989844401367008686065673828125,-4.7273171178319586260840878821909427642822265625,-49.4186223944822557996303658001124858856201171875,39.7991882076479441820993088185787200927734375,11.209448530533762777849915437400341033935546875,-22192.356731915337149985134601593017578125,
22,900,6.741538743247787124346359632909297943115234375,-4.4831690420239880268127308227121829986572265625,-0.753807184057137646959745325148105621337890625,8.1637012848292442868114449083805084228515625,-1.88299203466903009029920212924480438232421875,1.3153477584154842361385817639529705047607421875,-4.4038209173863975820495397783815860748291015625,1.7487105929746320498452405445277690887451171875,8.2003234962004398767021484673023223876953125,-3.5676137577440698578357114456593990325927734375,11.3559373760185593482674448750913143157958984375,0.509659108249167047688388265669345855712890625,8.7496566667683879359174170531332492828369140625,2.1027253028962178404981386847794055938720703125,-12.4179815057832598768072784878313541412353515625,4.4648579363383902318673790432512760162353515625,0.985747856074709716267534531652927398681640625,3.89110995818964511272497475147247314453125,10.776085695974614964143256656825542449951171875,3.537095248268087743781507015228271484375,6.28986480300301309398491866886615753173828125,15.6163212988677599923903471790254116058349609375,1.2237922299874952614118228666484355926513671875,3.378398998992878432545694522559642791748046875,-12.753685110019233661660109646618366241455078125,8.7496566667683879359174170531332492828369140625,0.881984923856322211577207781374454498291015625,5.3559984130375113409172627143561840057373046875,1.6937772759178386650091852061450481414794921875,11.209448530533762777849915437400341033935546875,-1131.190840926531791410525329411029815673828125,
Repeat,Generation,X1,X2,X3,X4,X5,X6,X7,X8,X9,X10,X11,X12,X13,X14,X15,X16,X17,X18,X19,X20,X21,X22,X23,X24,X25,X26,X27,X28,X29,X30,F(x)
23,0,-77.172154911954095268811215646564960479736328125,-71.9412823877681830708752386271953582763671875,-81.3043610950041255591713706962764263153076171875,45.616016113772985818286542780697345733642578125,14.786217841120645744013017974793910980224609375,87.096774193548384346286184154450893402099609375,-17.331461531418796084835776127874851226806640625,32.1024201178014436663943342864513397216796875,39.280373546555978236938244663178920745849609375,21.054719687490461410561692900955677032470703125,30.51545762504957792771165259182453155517578125,-0.973540452284311186303966678678989410400390625,-35.7402264473403050715205608867108821868896484375,-65.330973235267180143637233413755893707275390625,27.0058290353099295089123188517987728118896484375,-58.6413159581286009824907523579895496368408203125,-88.2137516403698782596620731055736541748046875,-0.4608294930875587169794016517698764801025390625,-27.1706289864803096634204848669469356536865234375,-12.253181554612865511444397270679473876953125,-83.95947141941587688052095472812652587890625,-16.837061677907655621311278082430362701416015625,-63.9942625202185126909171231091022491455078125,5.4170354319895039907351019792258739471435546875,-47.9293191320535925115109421312808990478515625,-1.4191106906338717408289085142314434051513671875,17.89300210577715688486932776868343353271484375,39.6099734488967669676640070974826812744140625,-2.8839991454817237581664812751114368438720703125,-93.3835871456038120186349260620772838592529296875,-17854.598762124762288294732570648193359375,
23,900,6.24713888973661823911243118345737457275390625,-4.4221320230719953769948915578424930572509765625,19.6386608478041893022236763499677181243896484375,-7.9134495071260744225583039224147796630859375,6.24103518784141897413064725697040557861328125,-12.5400555436872451764429570175707340240478515625,15.6468398083437563172992668114602565765380859375,1.2665181432538901162843103520572185516357421875,-3.4516434217352838231818168424069881439208984375,11.4719077120273453829213394783437252044677734375,-3.96435438093203629250638186931610107421875,-0.973540452284311186303966678678989410400390625,6.772057252723783449255279265344142913818359375,-20.6152531510361001210185349918901920318603515625,-3.5431989501632727979085757397115230560302734375,-3.152562028870505628219689242541790008544921875,7.8646198919644803027040325105190277099609375,-0.2899258400219792974894517101347446441650390625,7.248146000549326117834425531327724456787109375,1.022370067445905306158238090574741363525390625,4.4648579363383902318673790432512760162353515625,-4.8799096652119402506286860443651676177978515625,0.2471999267555702317622490227222442626953125,4.4160283211767961120131076313555240631103515625,-1.98675496688741759498952887952327728271484375,-1.4191106906338717408289085142314434051513671875,1.5961180455946504253006423823535442352294921875,3.201391644032099748073960654437541961669921875,-3.4394360179448852932182489894330501556396484375,27.3232215338602912879650830291211605072021484375,-1180.332649945529055912629701197147369384765625,
Repeat,Generation,X1,X2,X3,X4,X5,X6,X7,X8,X9,X10,X11,X12,X13,X14,X15,X16,X17,X18,X19,X20,X21,X22,X23,X24,X25,X26,X27,X28,X29,X30,F(x)
24,0,8.9266640217291666203891509212553501129150390625,-73.131504257332068164032534696161746978759765625,-17.032380138554032100728363730013370513916015625,-60.17944883571886549589180503971874713897705078125,-55.4063539536729052770169801078736782073974609375,-13.4800256355479604053471121005713939666748046875,10.01312295907467841971083544194698333740234375,-39.6404919583727490817182115279138088226318359375,-1.7548142948698313148270244710147380828857421875,44.041261024811547031276859343051910400390625,91.039765617847223211356322281062602996826171875,91.88818018127994946553371846675872802734375,-35.4167302468947440274860127829015254974365234375,3.280739768669690192837151698768138885498046875,-73.235267189550455668722861446440219879150390625,-32.4686422315134137761560850776731967926025390625,-54.997405926694540312382741831243038177490234375,-57.93939024018067129873088560998439788818359375,11.9785149693288843764094053767621517181396484375,-69.054231391338845469363150186836719512939453125,-27.7443769646290405717081739567220211029052734375,-76.995147556993316584339481778442859649658203125,-17.038483840449231365710147656500339508056640625,19.3090609454634289932073443196713924407958984375,-77.6665547654652499431904288940131664276123046875,-18.936735129856259618463809601962566375732421875,-72.2830896938993419098551385104656219482421875,-36.985381633960997760368627496063709259033203125,2.4628437147129744744233903475105762481689453125,30.27130954924160732844029553234577178955078125,-20843.365174920865683816373348236083984375,
24,900,0.2471999267555702317622490227222442626953125,-16.5562913907284752212945022620260715484619140625,-3.6713766899624573625260381959378719329833984375,-4.892117069002352991446969099342823028564453125,-8.890041810357985241353162564337253570556640625,0.595110934781956757433363236486911773681640625,8.5970641193884063113728188909590244293212890625,-1.98675496688741759498952887952327728271484375,3.5859248634296818636357784271240234375,0.2471999267555702317622490227222442626953125,0.1983703115939761119079776108264923095703125,4.4709616382335894968491629697382450103759765625,1.7487105929746320498452405445277690887451171875,-7.9378643147068714824854396283626556396484375,6.723227637562189329401007853448390960693359375,-2.951139866328929883820819668471813201904296875,-6.32648701437420868387562222778797149658203125,6.11896114993743367449496872723102569580078125,3.244117557298494602946448139846324920654296875,-0.1251258888515849321265704929828643798828125,-3.79345072786645687301643192768096923828125,-0.997955259865108246231102384626865386962890625,-3.6347544785912617726353346370160579681396484375,-3.219702749717697543019312433898448944091796875,-0.5645924253059462216697284020483493804931640625,0.2471999267555702317622490227222442626953125,3.89110995818964511272497475147247314453125,1.4374217963194695357742602936923503875732421875,-3.9521469771416377625428140163421630859375,0.2471999267555702317622490227222442626953125,-1090.163931798989551680278964340686798095703125,
Repeat,Generation,X1,X2,X3,X4,X5,X6,X7,X8,X9,X10,X11,X12,X13,X14,X15,X16,X17,X18,X19,X20,X21,X22,X23,X24,X25,X26,X27,X28,X29,X30,F(x)
25,0,-33.7748344370860849039672757498919963836669921875,33.69548631244850867005879990756511688232421875,-4.2268135624256188975778059102594852447509765625,-96.6917935728018989038901054300367832183837890625,-47.37388225959043808188653201796114444732666015625,-18.4667500839259020040117320604622364044189453125,25.71184423352764270020998083055019378662109375,-26.7372661519211334280043956823647022247314453125,-29.4412060914944930800629663281142711639404296875,43.577379680776402892661280930042266845703125,51.39011810663168944302015006542205810546875,83.416241950743142297142185270786285400390625,-61.5894039735099312338206800632178783416748046875,-84.3134861293374342494644224643707275390625,61.38798181096836970027652569115161895751953125,11.313211462752150282540242187678813934326171875,-55.71764275032807489651531795971095561981201171875,-3.6286507766960625076535507105290889739990234375,-24.7108371227149206106332712806761264801025390625,50.15717032380138107328093610703945159912109375,7.083346049378945963326259516179561614990234375,32.682271797845402261373237706720829010009765625,83.269753105258359937579371035099029541015625,62.993255409405804812195128761231899261474609375,-47.09311197241127189272447139956057071685791015625,30.79622791222874411687371321022510528564453125,-45.28641621143223261469756835140287876129150390625,-29.4961394085512864648990216664969921112060546875,-65.166173284096799989129067398607730865478515625,-99.017303994872889916223357431590557098388671875,-20931.63017857281738542951643466949462890625,
25,900,1.7487105929746320498452405445277690887451171875,2.999969481490524003675091080367565155029296875,8.2430494094668489424293511547148227691650390625,0.857570116275525151650072075426578521728515625,8.0904568620868531070300377905368804931640625,2.1820734275338082852613297291100025177001953125,27.8359324930570437572896480560302734375,-0.0701925717947915472905151546001434326171875,-0.1617481002227805220172740519046783447265625,-3.036591692861719593565794639289379119873046875,1.3763847773674768859564210288226604461669921875,-1.5045625171666614505738834850490093231201171875,11.7465742973113123071016161702573299407958984375,-1.022370067445905306158238090574741363525390625,-3.9765617847224348224699497222900390625,15.7444990386669445570078096352517604827880859375,3.244117557298494602946448139846324920654296875,7.205420087282931262961938045918941497802734375,-0.2899258400219792974894517101347446441650390625,-12.6621295815912304760786355473101139068603515625,0.839259010589927356704720295965671539306640625,1.126132999664292810848564840853214263916015625,-12.4179815057832598768072784878313541412353515625,1.2298959318826945263936067931354045867919921875,9.4027527695547377106777275912463665008544921875,8.0111087374492626622668467462062835693359375,1.083407086397897955976077355444431304931640625,4.092532120731220857123844325542449951171875,0.1861629078035775819444097578525543212890625,-6.24103518784141897413064725697040557861328125,-1100.053719200608384198858402669429779052734375,
Repeat,Generation,X1,X2,X3,X4,X5,X6,X7,X8,X9,X10,X11,X12,X13,X14,X15,X16,X17,X18,X19,X20,X21,X22,X23,X24,X25,X26,X27,X28,X29,X30,F(x)
26,0,-8.5543382061220114565003314055502414703369140625,-29.3069246498001092504637199454009532928466796875,27.3537400433362876128740026615560054779052734375,-11.4902188177129431778666912578046321868896484375,-59.3066194647053492872146307490766048431396484375,-25.4799035615100564200474764220416545867919921875,48.6800744651631021042703650891780853271484375,39.6038697470015677026822231709957122802734375,-3.909421063875242907670326530933380126953125,-38.56624042481765712864216766320168972015380859375,61.009552293465986849696491844952106475830078125,-48.94863734855189107975093065761029720306396484375,-32.5785088656270005458281957544386386871337890625,37.65678884243294533007428981363773345947265625,-63.67076631977294454145521740429103374481201171875,-46.769615771965703743262565694749355316162109375,-15.6041138950773614624267793260514736175537109375,14.10870693075349890932557173073291778564453125,58.653523361919013723309035412967205047607421875,67.247535630359806191336247138679027557373046875,75.334940641499059665875392965972423553466796875,-2.02948088015381244986201636493206024169921875,48.6251411481063087194343097507953643798828125,58.372753074739847534146974794566631317138671875,6.668294320505395944564952515065670013427734375,60.14893032624286206555552780628204345703125,-45.89068269905697405874889227561652660369873046875,40.464491714224692486823187209665775299072265625,83.99609363078707247041165828704833984375,35.8134708700827104621566832065582275390625,-18918.59229040200807503424584865570068359375,
26,900,4.2451246681112024816684424877166748046875,-4.2512283700064159575049416162073612213134765625,8.0660420545060560471029020845890045166015625,1.4740440076906651256649638526141643524169921875,15.7444990386669445570078096352517604827880859375,0.979644154179510451285750605165958404541015625,0.692770165105144997141906060278415679931640625,8.3834345530564320370103814639151096343994140625,11.7465742973113123071016161702573299407958984375,-1.065095980712300161030725575983524322509765625,-3.6652729880672580975442542694509029388427734375,2.0905178991058193105345708318054676055908203125,-0.5584887234107469566879444755613803863525390625,19.4006164738914179679341032169759273529052734375,0.778221991637934706886881031095981597900390625,0.839259010589927356704720295965671539306640625,1.2543107394634915863207424990832805633544921875,-2.3224585711233913798423600383102893829345703125,-8.5299233985412143965731956996023654937744140625,-0.918607135227517801467911340296268463134765625,3.640858180486475248471833765506744384765625,7.6570940275277052933233790099620819091796875,0.0823999755851900772540830075740814208984375,-0.0152592547379981624544598162174224853515625,-2.5116733298745685942776617594063282012939453125,-0.1922666096987768469261936843395233154296875,-1.6693624683370416050820495001971721649169921875,11.246070741904958367740618996322154998779296875,4.043702505569626737269572913646697998046875,-3.921628467665641437633894383907318115234375,-1034.42816410025579898501746356487274169921875,
Repeat,Generation,X1,X2,X3,X4,X5,X6,X7,X8,X9,X10,X11,X12,X13,X14,X15,X16,X17,X18,X19,X20,X21,X22,X23,X24,X25,X26,X27,X28,X29,X30,F(x)
27,0,-7.9927976317636648673214949667453765869140625,91.064180425428020271283457987010478973388671875,-92.6145207068086762092207209207117557525634765625,-61.11941892757958072479596012271940708160400390625,75.682851649525446191546507179737091064453125,17.74651326029237452530651353299617767333984375,-36.24683370464186538129069958813488483428955078125,-20.4443494979705207015285850502550601959228515625,0.1922666096987768469261936843395233154296875,-21.237830744346439360015210695564746856689453125,84.2158268990142460097558796405792236328125,-60.16724143192846696592823718674480915069580078125,-23.8135929441206144474563188850879669189453125,-11.3803521835993564081945805810391902923583984375,-99.981688894314402205054648220539093017578125,21.408734397412018779505160637199878692626953125,-41.105380413220615309910499490797519683837890625,14.609210486159867059541284106671810150146484375,75.011444441053498621840844862163066864013671875,-47.64244514297921995193973998539149761199951171875,-15.8970915860469403924071229994297027587890625,-31.4981536301767022223430103622376918792724609375,15.2867213965269996833740151487290859222412109375,-39.3414105655079850976107991300523281097412109375,63.7012848292489479717914946377277374267578125,-74.4499038666951520326620084233582019805908203125,59.013641773735770357234287075698375701904296875,75.157933286538280981403659097850322723388671875,41.251869258705397669473313726484775543212890625,-60.008545182653278970974497497081756591796875,-18885.87741885298237320967018604278564453125,
27,900,-3.5615100558488705928539275191724300384521484375,2.5360881374553656542047974653542041778564453125,-2.7375102999969413986036670394241809844970703125,0.1678518021179797869990579783916473388671875,-3.799554429761656137998215854167938232421875,2.6215399639881553639497724361717700958251953125,-2.5910214545121590390408528037369251251220703125,-28.14111758781700700637884438037872314453125,0.1922666096987768469261936843395233154296875,6.717123935666990064419223926961421966552734375,-1.223792229987481050557107664644718170166015625,-12.6499221778008319461150676943361759185791015625,-0.5279702139347506317790248431265354156494140625,-1.99896237067781612495309673249721527099609375,5.92364268929105719507788307964801788330078125,2.4506363109225759444598224945366382598876953125,8.0965605639820523720118217170238494873046875,0.607318338572355287396931089460849761962890625,-2.3957029938657825596237671561539173126220703125,7.5106051820429229337605647742748260498046875,-1.6388439588610452801731298677623271942138671875,8.0355235450300597221939824521541595458984375,7.9805902279732663373579271137714385986328125,0.979644154179510451285750605165958404541015625,0.2471999267555702317622490227222442626953125,2.2370067445906016700973850674927234649658203125,-0.863673818170724416631856001913547515869140625,3.9765617847224348224699497222900390625,0.924710837122717066449695266783237457275390625,8.0294198431348604572121985256671905517578125,-1084.26291561078187442035414278507232666015625,
Repeat,Generation,X1,X2,X3,X4,X5,X6,X7,X8,X9,X10,X11,X12,X13,X14,X15,X16,X17,X18,X19,X20,X21,X22,X23,X24,X25,X26,X27,X28,X29,X30,F(x)
28,0,-13.99884029663991213965346105396747589111328125,34.11664174321725795380189083516597747802734375,-2.7069917905209450736947474069893360137939453125,-38.09015167699210024920830619521439075469970703125,19.4860683004242076776790781877934932708740234375,-75.756096072267837371327914297580718994140625,-36.014893032624286206555552780628204345703125,-77.214880825220490123683703131973743438720703125,2.0966216010010185755163547582924365997314453125,67.314676351206998106135870330035686492919921875,-58.5619678334910105377275613136589527130126953125,-51.884517960142829906544648110866546630859375,-20.1208532975249596574940369464457035064697265625,-80.2667317728202078797039575874805450439453125,-88.0916776024658929600263945758342742919921875,-11.3681447798089578782310127280652523040771484375,4.141361735892814976978115737438201904296875,47.3921933652760571931139566004276275634765625,67.973876155888547145877964794635772705078125,14.664143803216660444377339445054531097412109375,-9.128086184270756575642735697329044342041015625,-17.7587206640827588444153661839663982391357421875,53.97198400830103537373361177742481231689453125,47.5142674031800424927496351301670074462890625,64.549699392681674225968890823423862457275390625,-24.3690298165837475607986561954021453857421875,-80.797753837702572354828589595854282379150390625,28.06787316507461582659743726253509521484375,-78.5576952421643710522403125651180744171142578125,-29.7891170995208511840246501378715038299560546875,-19905.6765112712164409458637237548828125,
28,900,-0.0946073793755886072176508605480194091796875,1.1932737205114989365029032342135906219482421875,3.86669515060884805279783904552459716796875,3.701895199438467898289673030376434326171875,-3.280739768669690192837151698768138885498046875,1.046784875026702366085373796522617340087890625,1.162755211035488400739268399775028228759765625,4.5991393780327740614666254259645938873291015625,3.79345072786645687301643192768096923828125,-0.979644154179510451285750605165958404541015625,0.2471999267555702317622490227222442626953125,11.7465742973113123071016161702573299407958984375,19.6508682515945878321872442029416561126708984375,7.9012421033356758925947360694408416748046875,2.835169530320143849166925065219402313232421875,7.046723838007750373435555957257747650146484375,4.141361735892814976978115737438201904296875,-1.7487105929746320498452405445277690887451171875,6.790368358409381244200631044805049896240234375,1.7487105929746320498452405445277690887451171875,4.123050630207217182032763957977294921875,4.3305764946440064022681326605379581451416015625,3.67137668996247157338075339794158935546875,4.07422101504562306217849254608154296875,-8.4078493606372290969375171698629856109619140625,0.729392376476340587032609619200229644775390625,-3.097628711813712243383633904159069061279296875,12.5705740531632415013518766500055789947509765625,-0.3265480513931748873801552690565586090087890625,8.6825159459211960211177938617765903472900390625,-1037.6613602375628033769316971302032470703125,
Repeat,Generation,X1,X2,X3,X4,X5,X6,X7,X8,X9,X10,X11,X12,X13,X14,X15,X16,X17,X18,X19,X20,X21,X22,X23,X24,X25,X26,X27,X28,X29,X30,F(x)
29,0,-15.250099185155789882628596387803554534912109375,23.2642597735526663882410502992570400238037109375,24.0089114047669909268734045326709747314453125,75.505844294564667507074773311614990234375,88.1893368327890811997349373996257781982421875,-48.3138523514511604162180447019636631011962890625,-5.6367687002166775300793233327567577362060546875,92.876979888302258814292144961655139923095703125,56.0655537583544401059043593704700469970703125,84.13037507248145630001090466976165771484375,-91.277809991759994545645895414054393768310546875,8.4200567644276276269010850228369235992431640625,-54.5335245826593819629124482162296772003173828125,-48.4420300912503449808355071581900119781494140625,-68.236335337382115540094673633575439453125,44.523453474532317386547219939529895782470703125,-72.4662007507553340701633715070784091949462890625,78.11212500381481049771537072956562042236328125,21.76885280922880383513984270393848419189453125,13.82183294167913345518172718584537506103515625,28.727072969756164866339531727135181427001953125,-2.8107547227393325783850741572678089141845703125,-52.06762901699881496142552350647747516632080078125,-35.4167302468947440274860127829015254974365234375,-29.038361766411327380410511977970600128173828125,-15.8604693746757448025164194405078887939453125,-80.846583452864166474682861007750034332275390625,8.5116122928556166016278439201414585113525390625,-12.820825830866425576459732837975025177001953125,93.090609454634233088654582388699054718017578125,-21589.11810912994042155332863330841064453125,
29,900,1.7487105929746320498452405445277690887451171875,-1.193273720511484725648188032209873199462890625,-3.982665486617634087451733648777008056640625,3.231910153508096072982880286872386932373046875,-4.055909909360025267233140766620635986328125,0.1861629078035775819444097578525543212890625,7.168797875911735673071234486997127532958984375,0.863673818170724416631856001913547515869140625,23.9295632801294004821102134883403778076171875,-8.2918790246284288514289073646068572998046875,-7.046723838007750373435555957257747650146484375,8.4200567644276276269010850228369235992431640625,7.022309030426953313508420251309871673583984375,7.8463087862788825077586807310581207275390625,5.3315836054567142809901270084083080291748046875,0.686666463209945732160122133791446685791015625,1.5778069399090526303552906028926372528076171875,6.845301675466174629036686383187770843505859375,11.6489150669881240673930733464658260345458984375,-11.935789056062503732391633093357086181640625,7.9317606128116722175036557018756866455078125,8.2979827265236423272654064930975437164306640625,0.698873867000344262123689986765384674072265625,7.5350199896237199936877004802227020263671875,0.827051606799528826741152442991733551025390625,10.812707907345810554033960215747356414794921875,-16.1229285561693131967331282794475555419921875,0.0091555528427988974726758897304534912109375,0.485244300668369987761252559721469879150390625,15.7444990386669445570078096352517604827880859375,-1159.24238915191153864725492894649505615234375,
