Repeat,Generation,X1,X2,F(x)
0,0,-6.92251350444044266652099395287223160266876220703125,7.17154454176458244774039485491812229156494140625,35.87665952871524410738857113756239414215087890625,
0,10,-6.9426557206946011291393006104044616222381591796875,4.9125644703512687527791058528237044811248779296875,140.300895958086272230502800084650516510009765625,
0,20,-7.09341715750602741508146209525875747203826904296875,4.863734855189672856567995040677487850189208984375,186.438420087814421322036650963127613067626953125,
0,30,-7.09097567674794770908874852466396987438201904296875,4.855800042725913812091675936244428157806396484375,186.595652154455592608428560197353363037109375,
0,40,-7.09097567674794770908874852466396987438201904296875,4.858241523483993518084389506839215755462646484375,186.6074275677614195956266485154628753662109375,
0,50,-7.09036530655842778259057013201527297496795654296875,4.858241523483993518084389506839215755462646484375,186.62677864185110365724540315568447113037109375,
Repeat,Generation,X1,X2,F(x)
1,0,-7.875911740470595390206653974018990993499755859375,5.361796929837947089936278644017875194549560546875,106.722640368105288644073880277574062347412109375,
1,10,-7.7019562364574110091552938683889806270599365234375,5.5235450300607329410240708966739475727081298828125,183.0168390279762888894765637814998626708984375,
1,20,-7.7074495681630903476388994022272527217864990234375,5.4838709677419359422856359742581844329833984375,186.726928401554687297903001308441162109375,
1,30,-7.7074495681630903476388994022272527217864990234375,5.4838709677419359422856359742581844329833984375,186.726928401554687297903001308441162109375,
1,40,-7.7074495681630903476388994022272527217864990234375,5.4838709677419359422856359742581844329833984375,186.726928401554687297903001308441162109375,
1,50,-7.7074495681630903476388994022272527217864990234375,5.4838709677419359422856359742581844329833984375,186.726928401554687297903001308441162109375,
Repeat,Generation,X1,X2,F(x)
2,0,-0.7028412732322149025776525377295911312103271484375,-0.382396923734244609249799395911395549774169921875,50.7229814096357785047075594775378704071044921875,
2,10,4.9040192876979897818046083557419478893280029296875,-7.2045045319986567022851886576972901821136474609375,150.819865960128453252764302305877208709716796875,
2,20,-7.6909695730460523321880828007124364376068115234375,-7.09830011902218682706688923644833266735076904296875,185.544054088649545519729144871234893798828125,
2,30,-7.6946317941831718911771531566046178340911865234375,-7.0787682729575482909467609715647995471954345703125,186.2435524138198843502323143184185028076171875,
2,40,-7.6946317941831718911771531566046178340911865234375,-7.08243049409466873811425102758221328258514404296875,186.290458538812828237496432848274707794189453125,
2,50,-7.71416364024781042729728142148815095424652099609375,-7.08426160466322851760878620552830398082733154296875,186.650037024711451749681145884096622467041015625,
Repeat,Generation,X1,X2,F(x)
3,0,-0.7071138645588543880649012862704694271087646484375,-1.361430707724235134037371608428657054901123046875,159.579693377864032299839891493320465087890625,
3,10,-7.0787682729575482909467609715647995471954345703125,-1.399884029663990503422610345296561717987060546875,185.187403099689390728599391877651214599609375,
3,20,-7.08548234504226837060514299082569777965545654296875,-1.405987731559189768404394271783530712127685546875,185.864255669521952540890197269618511199951171875,
3,30,-7.08426160466322851760878620552830398082733154296875,-1.405987731559189768404394271783530712127685546875,185.87159160494485377057571895420551300048828125,
3,40,-7.08426160466322851760878620552830398082733154296875,-1.4426099429303871346519372309558093547821044921875,186.02166544437199036110541783273220062255859375,
3,50,-7.08426160466322851760878620552830398082733154296875,-1.420636616107668004360675695352256298065185546875,186.682562462102936251540086232125759124755859375,
Repeat,Generation,X1,X2,F(x)
4,0,6.136967070528275058904910110868513584136962890625,5.5046235541856134432237013243138790130615234375,118.4736962356654856876048143021762371063232421875,
4,10,-7.1947386089663378783143343753181397914886474609375,-7.71416364024781042729728142148815095424652099609375,159.68933110171388989328988827764987945556640625,
4,20,-7.0775475325785084379504041862674057483673095703125,-7.71416364024781042729728142148815095424652099609375,186.57293711333687724618357606232166290283203125,
4,30,-7.08487197485274844410696459817700088024139404296875,-7.7050080874050106416461858316324651241302490234375,186.701294930300178975812741555273532867431640625,
4,40,-7.08426160466322851760878620552830398082733154296875,-7.7092806787316501271334345801733434200286865234375,186.72746989713783705155947245657444000244140625,
4,50,-7.08365123447370859111060781287960708141326904296875,-7.7092806787316501271334345801733434200286865234375,186.728683979267003678614855743944644927978515625,
Repeat,Generation,X1,X2,F(x)
5,0,-1.388286996063111899957220884971320629119873046875,8.4508804589983839150590938515961170196533203125,25.220335680452055981959347263909876346588134765625,
5,10,-1.405987731559189768404394271783530712127685546875,-7.0775475325785084379504041862674057483673095703125,185.7948132476070668417378328740596771240234375,
5,20,4.844813379314555135124464868567883968353271484375,-7.0775475325785084379504041862674057483673095703125,186.24571222074092702314374037086963653564453125,
5,30,4.859462263863033371080746292136609554290771484375,-7.08426160466322851760878620552830398082733154296875,186.72504313230405159629299305379390716552734375,
5,40,4.859462263863033371080746292136609554290771484375,-7.08365123447370859111060781287960708141326904296875,186.72625719865465043767471797764301300048828125,
5,50,4.858851893673513444582567899487912654876708984375,-7.08365123447370859111060781287960708141326904296875,186.7293890228128248054417781531810760498046875,
Repeat,Generation,X1,X2,F(x)
6,0,-7.7068391979735704211407210095785558223724365234375,-0.5795464949491861972319384221918880939483642578125,93.8947151247951836694483063183724880218505859375,
6,10,-7.7074495681630903476388994022272527217864990234375,-0.957976012451553060600417666137218475341796875,133.7857847683507088731857948005199432373046875,
6,20,-7.71233252967925064780274624354206025600433349609375,-0.9378337961973937098036913084797561168670654296875,145.962259081694270435036742128431797027587890625,
6,30,-7.6989043855098113766644019051454961299896240234375,-7.1886349070711386133325504488311707973480224609375,162.401410730366478674113750457763671875,
6,40,-7.7050080874050106416461858316324651241302490234375,-0.7083346049378942410612580715678632259368896484375,168.62309362894717423841939307749271392822265625,
6,50,-7.71782586138492998628635177738033235073089599609375,-0.8011108737449266214980525546707212924957275390625,186.519301330498279867242672480642795562744140625,
Repeat,Generation,X1,X2,F(x)
7,0,-7.14224677266762331129257290740497410297393798828125,4.7007660145878471524838460027240216732025146484375,129.47403078985365709741017781198024749755859375,
7,10,-7.120273445844905069179731071926653385162353515625,4.857020783104953665088032721541821956634521484375,183.735029609640861281150137074291706085205078125,
7,20,-7.0641193884090700549904795479960739612579345703125,4.861903744621113077073459862731397151947021484375,185.8690025062293216251418925821781158447265625,
7,30,-7.0769371623889885114522257936187088489532470703125,4.859462263863033371080746292136609554290771484375,186.631040517736920492097851820290088653564453125,
7,40,-7.08792382580034807659785656142048537731170654296875,4.859462263863033371080746292136609554290771484375,186.683157682355471251867129467427730560302734375,
7,50,-7.08548234504226837060514299082569777965545654296875,4.858851893673513444582567899487912654876708984375,186.720805193251095488449209369719028472900390625,
Repeat,Generation,X1,X2,F(x)
8,0,-1.658680990020446444077606429345905780792236328125,5.5528427991576894129366337438113987445831298828125,78.480071856957664522269624285399913787841796875,
8,10,-1.385235145115512267466328921727836132049560546875,5.5473494674520100744530282099731266498565673828125,174.1570040508312331439810805022716522216796875,
8,20,-1.425519577623827416346102836541831493377685546875,5.4771568956572167508056736551225185394287109375,186.658517546229319350459263660013675689697265625,
8,30,-1.425519577623827416346102836541831493377685546875,5.4771568956572167508056736551225185394287109375,186.658517546229319350459263660013675689697265625,
8,40,-1.425519577623827416346102836541831493377685546875,5.4832605975524160157874575816094875335693359375,186.730205083897459417130448855459690093994140625,
8,50,-1.425519577623827416346102836541831493377685546875,5.4826502273628960892892791889607906341552734375,186.730451099187348518171347677707672119140625,
Repeat,Generation,X1,X2,F(x)
9,0,-0.0332651753288377705075617996044456958770751953125,5.613269447920163912613134016282856464385986328125,65.5964583255008761852877796627581119537353515625,
9,10,-1.4438306833094269876482940162532031536102294921875,-0.896328623310036931570721208117902278900146484375,165.805946053356109359810943715274333953857421875,
9,20,-1.421857356486707857357032480649650096893310546875,5.4905850398266551337655982933938503265380859375,186.57439830123979618292651139199733734130859375,
9,30,-1.421857356486707857357032480649650096893310546875,5.4905850398266551337655982933938503265380859375,186.57439830123979618292651139199733734130859375,
9,40,-1.421857356486707857357032480649650096893310546875,5.4893642994476152807692415080964565277099609375,186.6126878028999271919019520282745361328125,
9,50,-1.421246986297187930858854088000953197479248046875,5.4808191167943363097947440110146999359130859375,186.68651259103290840357658453285694122314453125,
Repeat,Generation,X1,X2,F(x)
10,0,-7.09524826807458719457599727320484817028045654296875,-8.8128299813837092102630776935257017612457275390625,51.551841221579564944477169774472713470458984375,
10,10,5.5223242896816930880277141113765537738800048828125,4.824671163060397560684577911160886287689208984375,180.80414793369305925807566381990909576416015625,
10,20,5.4734946745200971918166032992303371429443359375,4.841761528366955502633572905324399471282958984375,185.9218818870759832861949689686298370361328125,
10,30,5.4783776360362566038020304404199123382568359375,4.842982268745995355629929690621793270111083984375,186.159588919090566605518688447773456573486328125,
10,40,5.4832605975524160157874575816094875335693359375,4.860683004242073224077103077434003353118896484375,186.714475541116115664408425800502300262451171875,
10,50,5.4832605975524160157874575816094875335693359375,4.860072634052553297578924684785306453704833984375,186.72108578130251999027677811682224273681640625,
Repeat,Generation,X1,X2,F(x)
11,0,-5.92577898495437427328624835354276001453399658203125,6.152836695455793147857548319734632968902587890625,30.35546359299451069091446697711944580078125,
11,10,-0.891445661793877519585294066928327083587646484375,-7.78679769280068345693734954693354666233062744140625,156.0416944659822320318198762834072113037109375,
11,20,-0.79378643147068572716307244263589382171630859375,-1.4401684621723074286592236603610217571258544921875,186.112378786118398465987411327660083770751953125,
11,30,-0.79500717184972558015942922793328762054443359375,-1.4261299478133491192011206294409930706024169921875,186.666223593076978204408078454434871673583984375,
11,40,-0.79927976317636506564667797647416591644287109375,-1.4261299478133491192011206294409930706024169921875,186.726175866810308434651233255863189697265625,
11,50,-0.79927976317636506564667797647416591644287109375,-1.4261299478133491192011206294409930706024169921875,186.726175866810308434651233255863189697265625,
Repeat,Generation,X1,X2,F(x)
12,0,-1.5329447309793380327391787432134151458740234375,-0.851161229285562370705520152114331722259521484375,156.304820977575644747048499993979930877685546875,
12,10,-1.415143284401988665877070161513984203338623046875,-0.79195532090212594766853726468980312347412109375,186.3436343018502157065086066722869873046875,
12,20,-1.424298837244787563349746051244437694549560546875,-0.79439680166020565366125083528459072113037109375,186.651818477764294357257313095033168792724609375,
12,30,-1.425519577623827416346102836541831493377685546875,-7.08365123447370859111060781287960708141326904296875,186.730505932177294425855507142841815948486328125,
12,40,-1.425519577623827416346102836541831493377685546875,-7.08365123447370859111060781287960708141326904296875,186.730505932177294425855507142841815948486328125,
12,50,-1.425519577623827416346102836541831493377685546875,-7.08365123447370859111060781287960708141326904296875,186.730505932177294425855507142841815948486328125,
Repeat,Generation,X1,X2,F(x)
13,0,4.840540787987915649637216120027005672454833984375,-1.9650868251594584279473565402440726757049560546875,76.4769538061834595055188401602208614349365234375,
13,10,-1.415753654591508592375248554162681102752685546875,-0.77608569597460785871589905582368373870849609375,185.235317436100700660972506739199161529541015625,
13,20,-1.412091433454389033386178198270499706268310546875,-0.78096865749076727070132619701325893402099609375,185.5105492797802071436308324337005615234375,
13,30,-1.425519577623827416346102836541831493377685546875,-0.78829309976500638867946690879762172698974609375,186.411512201047600001402315683662891387939453125,
13,40,-1.425519577623827416346102836541831493377685546875,-0.79927976317636506564667797647416591644287109375,186.728156354568881170052918605506420135498046875,
13,50,-1.424909207434307489847924443893134593963623046875,-0.80050050355540491864303476177155971527099609375,186.730725690029174757000873796641826629638671875,
Repeat,Generation,X1,X2,F(x)
14,0,-7.03665272988067247439403217867948114871978759765625,9.9957274086733605145127512514591217041015625,46.7218355071791648924772744067013263702392578125,
14,10,4.80452894680623643353101215325295925140380859375,5.5375835444196912504821739275939762592315673828125,173.915352404815934050930081866681575775146484375,
14,20,4.840540787987915649637216120027005672454833984375,-7.0567949461348309370123388362117111682891845703125,184.458075667924475737891043536365032196044921875,
14,30,4.853358561967834106098962365649640560150146484375,5.4814294869838562362929224036633968353271484375,186.674988140591182173011475242674350738525390625,
14,40,4.861903744621113077073459862731397151947021484375,5.4820398571733761627911007963120937347412109375,186.694878078848176983228768222033977508544921875,
14,50,4.858851893673513444582567899487912654876708984375,5.4832605975524160157874575816094875335693359375,186.72908817633248190759331919252872467041015625,
Repeat,Generation,X1,X2,F(x)
15,0,-1.399273659474470576924431952647864818572998046875,5.4783776360362566038020304404199123382568359375,185.11914138739513191467267461121082305908203125,
15,10,4.850917081209754400106248795054852962493896484375,5.4783776360362566038020304404199123382568359375,186.56788820764842284916085191071033477783203125,
15,20,4.858851893673513444582567899487912654876708984375,5.4893642994476152807692415080964565277099609375,186.636164708525001287853228859603404998779296875,
15,30,4.858851893673513444582567899487912654876708984375,5.4783776360362566038020304404199123382568359375,186.684926956235955231022671796381473541259765625,
15,40,4.858851893673513444582567899487912654876708984375,5.4850917081209757952819927595555782318115234375,186.718474463976662036657216958701610565185546875,
15,50,4.857631153294473591586211114190518856048583984375,5.4838709677419359422856359742581844329833984375,186.72824699313281371360062621533870697021484375,
Repeat,Generation,X1,X2,F(x)
16,0,-6.25720999786370413175973226316273212432861328125,-0.916470839564194506010608165524899959564208984375,43.1441023650752271123565151356160640716552734375,
16,10,5.4857020783104957217801711522042751312255859375,-0.144962920010986096031047054566442966461181640625,118.9022137826244716052315197885036468505859375,
16,20,5.4838709677419359422856359742581844329833984375,-7.73613696707052866941012325696647167205810546875,184.942904178581869700792594812810420989990234375,
16,30,5.4777672658467366773038520477712154388427734375,-7.6940214239936519646789747639559209346771240234375,186.195700086567995867881109006702899932861328125,
16,40,5.4777672658467366773038520477712154388427734375,-7.6952421643726918176753315492533147335052490234375,186.273942809843248369361390359699726104736328125,
16,50,5.4777672658467366773038520477712154388427734375,-7.72026734214300969227906534797511994838714599609375,186.34185053514266883212258107960224151611328125,
Repeat,Generation,X1,X2,F(x)
17,0,5.5638294625690480899038448114879429340362548828125,-6.59474471266823325521500009926967322826385498046875,89.975660786858298934021149761974811553955078125,
17,10,5.415509506515700621775977197103202342987060546875,-1.423688467055267636851567658595740795135498046875,176.7125949742356851857039146125316619873046875,
17,20,5.4759361552781768978093168698251247406005859375,-1.423688467055267636851567658595740795135498046875,186.619916586926166246485081501305103302001953125,
17,30,5.4759361552781768978093168698251247406005859375,-1.424909207434307489847924443893134593963623046875,186.624636610447851126082241535186767578125,
17,40,5.4850917081209757952819927595555782318115234375,-1.424909207434307489847924443893134593963623046875,186.719835826059352257288992404937744140625,
17,50,5.4826502273628960892892791889607906341552734375,-1.424909207434307489847924443893134593963623046875,186.730695631411663271137513220310211181640625,
Repeat,Generation,X1,X2,F(x)
18,0,-0.7058931241798145350685445009730756282806396484375,-7.46940519425031279610038836835883557796478271484375,56.11940810897675646629068069159984588623046875,
18,10,-0.8090456862086856659743716591037809848785400390625,-1.4432203131199070611501156236045062541961669921875,185.805094130840046773300855420529842376708984375,
18,20,-0.8017212439344465479962309473194181919097900390625,-1.424298837244787563349746051244437694549560546875,186.724971447528588441855390556156635284423828125,
18,30,-0.8017212439344465479962309473194181919097900390625,-1.424298837244787563349746051244437694549560546875,186.724971447528588441855390556156635284423828125,
18,40,-0.8017212439344465479962309473194181919097900390625,-1.425519577623827416346102836541831493377685546875,186.726219297016768905450589954853057861328125,
18,50,-0.8011108737449266214980525546707212924957275390625,-1.425519577623827416346102836541831493377685546875,186.729173771831966632817056961357593536376953125,
Repeat,Generation,X1,X2,F(x)
19,0,-2.54554887539292540310498225153423845767974853515625,-0.74068422498245212182155228219926357269287109375,48.55272613685155391749503905884921550750732421875,
19,10,-7.8368480483413183179663974442519247531890869140625,-0.77791680654316763821043423376977443695068359375,150.268625787806257676493260078132152557373046875,
19,20,-7.8356273079622784649700406589545309543609619140625,-0.77791680654316763821043423376977443695068359375,150.897568727190531490123248659074306488037109375,
19,30,-7.8136539811395611110356185236014425754547119140625,-0.77852717673268756470861262641847133636474609375,161.44133668453122254504705779254436492919921875,
19,40,-7.7001251258888512296607586904428899288177490234375,-0.78096865749076727070132619701325893402099609375,185.7503715882348842569626867771148681640625,
19,50,-7.7074495681630903476388994022272527217864990234375,-0.78096865749076727070132619701325893402099609375,185.904587771340601420888560824096202850341796875,
Repeat,Generation,X1,X2,F(x)
20,0,-7.21976378673665575291806817403994500637054443359375,-1.4450514236884668406446508015505969524383544921875,145.984605682776788171395310200750827789306640625,
20,10,-7.09280678731650748858328370261006057262420654296875,-1.4401684621723074286592236603610217571258544921875,186.0155581843265508723561652004718780517578125,
20,20,-7.09158604693746763558692691731266677379608154296875,-1.4267403180028690456992990220896899700164794921875,186.5804574761594949450227431952953338623046875,
20,30,-0.8023316141239664744944093399681150913238525390625,-1.4279610583819088986956558073870837688446044921875,186.703290174200816409211256541311740875244140625,
20,40,-0.8023316141239664744944093399681150913238525390625,-1.4261299478133491192011206294409930706024169921875,186.719636913842720105094485916197299957275390625,
20,50,-0.8011108737449266214980525546707212924957275390625,-1.4261299478133491192011206294409930706024169921875,186.72719327328240979113616049289703369140625,
Repeat,Generation,X1,X2,F(x)
21,0,-1.4706869716483055299249826930463314056396484375,5.384990997039704296867057564668357372283935546875,161.53409312332661329492111690342426300048828125,
21,10,-1.4310129093295085311865477706305682659149169921875,5.5015717032380138107328093610703945159912109375,185.8800275231724299374036490917205810546875,
21,20,-1.424298837244787563349746051244437694549560546875,5.4802087466048163832965656183660030364990234375,186.713716352697019829065538942813873291015625,
21,30,-1.425519577623827416346102836541831493377685546875,5.4826502273628960892892791889607906341552734375,186.730451099187348518171347677707672119140625,
21,40,-1.425519577623827416346102836541831493377685546875,5.4826502273628960892892791889607906341552734375,186.730451099187348518171347677707672119140625,
21,50,-1.425519577623827416346102836541831493377685546875,5.4826502273628960892892791889607906341552734375,186.730451099187348518171347677707672119140625,
Repeat,Generation,X1,X2,F(x)
22,0,-6.4922025208288829389857710339128971099853515625,4.3296609393597211834503468708135187625885009765625,49.56035945352818572473552194423973560333251953125,
22,10,-1.418195135349588298367962124757468700408935546875,5.5119479964598543375586814363487064838409423828125,184.762075083984171897100168280303478240966796875,
22,20,-1.4297921689504686781901909853331744670867919921875,5.4820398571733761627911007963120937347412109375,186.67878786925911072103190235793590545654296875,
22,30,-1.422467726676227783855210873298346996307373046875,5.4820398571733761627911007963120937347412109375,186.712894436189145608295802958309650421142578125,
22,40,-1.423078096865747710353389265947043895721435546875,5.4826502273628960892892791889607906341552734375,186.721003818569244003811036236584186553955078125,
22,50,-1.424909207434307489847924443893134593963623046875,5.4820398571733761627911007963120937347412109375,186.729294950342506353990756906569004058837890625,
Repeat,Generation,X1,X2,F(x)
23,0,4.155095065157016875900808372534811496734619140625,-7.610400708029420258071695570833981037139892578125,53.076053794906101757078431546688079833984375,
23,10,-0.851161229285562370705520152114331722259521484375,-7.75688955351420617034818860702216625213623046875,175.7893722872804573853500187397003173828125,
23,20,-0.8120975371562852984652636223472654819488525390625,-7.6897488326670124791917260154150426387786865234375,185.618233357622983703549834899604320526123046875,
23,30,-0.8047730948820461804871229105629026889801025390625,-7.6946317941831718911771531566046178340911865234375,186.24928778049348920831107534468173980712890625,
23,40,-0.8023316141239664744944093399681150913238525390625,-7.7080599383526102741370777948759496212005615234375,186.721823731849980276820133440196514129638671875,
23,50,-0.8011108737449266214980525546707212924957275390625,-7.7080599383526102741370777948759496212005615234375,186.729380179788023497167159803211688995361328125,
Repeat,Generation,X1,X2,F(x)
24,0,-2.14819788201544259464981223572976887226104736328125,-7.75811029389324602334454539231956005096435546875,52.5173996582906141838975599966943264007568359375,
24,10,-7.09891048921170675356506762909702956676483154296875,4.839930417798395723139037727378308773040771484375,185.446826324492775484031881205737590789794921875,
24,20,-7.09524826807458719457599727320484817028045654296875,4.843592638935515282128108083270490169525146484375,185.94137675055793579304008744657039642333984375,
24,30,-7.08059938352610895861971584963612258434295654296875,4.843592638935515282128108083270490169525146484375,186.227050624367080899901338852941989898681640625,
24,40,-7.08548234504226837060514299082569777965545654296875,4.843592638935515282128108083270490169525146484375,186.2370609029011347956839017570018768310546875,
24,50,-7.08548234504226837060514299082569777965545654296875,4.843592638935515282128108083270490169525146484375,186.2370609029011347956839017570018768310546875,
Repeat,Generation,X1,X2,F(x)
25,0,-1.4951017792291025898521183989942073822021484375,5.5656605731376078693983799894340336322784423828125,161.834192756499561482996796257793903350830078125,
25,10,-7.72087771233252961877724374062381684780120849609375,5.4850917081209757952819927595555782318115234375,186.35359645719171339806052856147289276123046875,
25,20,-7.71599475081637020679181659943424165248870849609375,5.4850917081209757952819927595555782318115234375,186.5827883546908196876756846904754638671875,
25,30,-7.71538438062685028029363820678554475307464599609375,5.4826502273628960892892791889607906341552734375,186.614550015105038482943200506269931793212890625,
25,40,-7.7062288277840504946425426169298589229583740234375,5.4826502273628960892892791889607906341552734375,186.720670269806220176178612746298313140869140625,
25,50,-7.7086703085421302006352561875246465206146240234375,5.4826502273628960892892791889607906341552734375,186.730511345126359401547233574092388153076171875,
Repeat,Generation,X1,X2,F(x)
26,0,5.1036103396710092994226215523667633533477783203125,-6.9438764610736409821356573957018554210662841796875,44.11826187761203499348994228057563304901123046875,
26,10,-7.0665608691671497609831931185908615589141845703125,-7.71660512100589013328999499208293855190277099609375,185.939068513125647541528451256453990936279296875,
26,20,-7.08059938352610895861971584963612258434295654296875,-7.71660512100589013328999499208293855190277099609375,186.55245777542637597434804774820804595947265625,
26,30,-7.08182012390514881161607263493351638317108154296875,-7.7068391979735704211407210095785558223724365234375,186.719557063786538719796226359903812408447265625,
26,40,-7.08182012390514881161607263493351638317108154296875,-7.7080599383526102741370777948759496212005615234375,186.724476505266210324407438747584819793701171875,
26,50,-7.08304086428418866461242942023091018199920654296875,-7.7074495681630903476388994022272527217864990234375,186.728688959457514329187688417732715606689453125,
Repeat,Generation,X1,X2,F(x)
27,0,6.017334513382365912548266351222991943359375,-0.885952330088198181101688533090054988861083984375,104.0961566503783188863963005132973194122314453125,
27,10,-7.73003326517532940442833933047950267791748046875,-0.79683828241828535965396440587937831878662109375,185.61324477286188994185067713260650634765625,
27,20,-7.71355327005829050079910302883945405483245849609375,-0.79805902279732521265032119117677211761474609375,186.655730591415846220115781761705875396728515625,
27,30,-7.7080599383526102741370777948759496212005615234375,-0.80050050355540491864303476177155971527099609375,186.73068756716673988194088451564311981201171875,
27,40,-7.7080599383526102741370777948759496212005615234375,-0.80050050355540491864303476177155971527099609375,186.73068756716673988194088451564311981201171875,
27,50,-7.7080599383526102741370777948759496212005615234375,-0.80050050355540491864303476177155971527099609375,186.73068756716673988194088451564311981201171875,
Repeat,Generation,X1,X2,F(x)
28,0,-0.0222785119174790935403507319279015064239501953125,-0.906704916531875682039753883145749568939208984375,65.7127426070004645453082048334181308746337890625,
28,10,-0.8328501235999627994033289724029600620269775390625,-1.376689962462233296491831424646079540252685546875,178.939569085277383919674321077764034271240234375,
28,20,-0.79378643147068572716307244263589382171630859375,-1.405987731559189768404394271783530712127685546875,185.77901367086150230534258298575878143310546875,
28,30,-0.79866939298684513914849958382546901702880859375,-1.405987731559189768404394271783530712127685546875,185.8668467167734661416034214198589324951171875,
28,40,-0.80050050355540491864303476177155971527099609375,-1.425519577623827416346102836541831493377685546875,186.73048115776549593647359870374202728271484375,
28,50,-0.80050050355540491864303476177155971527099609375,-1.425519577623827416346102836541831493377685546875,186.73048115776549593647359870374202728271484375,
Repeat,Generation,X1,X2,F(x)
29,0,-7.8307443464461190529846135177649557590484619140625,5.662709433271277958965583820827305316925048828125,101.0166767730135717329176259227097034454345703125,
29,10,-7.0683919797357095404777282965369522571563720703125,-7.6934110538041320381807963713072240352630615234375,185.7091786129022921159048564732074737548828125,
29,20,-7.08304086428418866461242942023091018199920654296875,-7.6946317941831718911771531566046178340911865234375,186.2925324292024242822662927210330963134765625,
29,30,-7.08304086428418866461242942023091018199920654296875,-7.6952421643726918176753315492533147335052490234375,186.33078902955077182923560030758380889892578125,
29,40,-7.08609271523178829710332138347439467906951904296875,-7.7080599383526102741370777948759496212005615234375,186.715971964793197912513278424739837646484375,
29,50,-7.08243049409466873811425102758221328258514404296875,-7.7080599383526102741370777948759496212005615234375,186.728201025399329182619112543761730194091796875,
Repeat,Generation,X1,X2,F(x)
30,0,5.388653218176823855856127920560538768768310546875,-1.352885525070956163062874111346900463104248046875,156.271401075512216038987389765679836273193359375,
30,10,5.4741050447096171183147816918790340423583984375,-1.355327005829035869055587681941688060760498046875,175.111473293364639403080218471586704254150390625,
30,20,5.4741050447096171183147816918790340423583984375,-1.405377361369669841906215879134833812713623046875,185.6482377662838416654267348349094390869140625,
30,30,5.4838709677419359422856359742581844329833984375,-1.405987731559189768404394271783530712127685546875,185.870617072778117062625824473798274993896484375,
30,40,5.4838709677419359422856359742581844329833984375,-1.405987731559189768404394271783530712127685546875,185.870617072778117062625824473798274993896484375,
30,50,5.4863124485000156482783495448529720306396484375,-1.425519577623827416346102836541831493377685546875,186.704290424848664997625746764242649078369140625,
Repeat,Generation,X1,X2,F(x)
31,0,-0.25116733298745685942776617594063282012939453125,-8.2909634693441578434658367768861353397369384765625,49.989908777539170614545582793653011322021484375,
31,10,-0.6552323984496606357197379111312329769134521484375,4.991912594988860973899136297404766082763671875,111.4454880086235988301268662326037883758544921875,
31,20,-7.0519119846186715250269116950221359729766845703125,4.967497787408063913972000591456890106201171875,156.8491237604752086554071865975856781005859375,
31,30,-0.8066042054506059599816580885089933872222900390625,4.861293374431593150575281470082700252532958984375,186.6191747179208277884754352271556854248046875,
31,40,-0.8017212439344465479962309473194181919097900390625,4.861293374431593150575281470082700252532958984375,186.702139474992492296223645098507404327392578125,
31,50,-0.8011108737449266214980525546707212924957275390625,4.857631153294473591586211114190518856048583984375,186.729107955582520617099362425506114959716796875,
Repeat,Generation,X1,X2,F(x)
32,0,-7.96929837946714680896320714964531362056732177734375,-7.24662007507553340701633715070784091949462890625,43.80017191186692571136518381536006927490234375,
32,10,4.8857081820123919868592565762810409069061279296875,-0.78157902768028719719950458966195583343505859375,184.17122637687958786045783199369907379150390625,
32,20,4.855189672536393885593497543595731258392333984375,-0.79561754203924550665760762058198451995849609375,186.662917093906571608386002480983734130859375,
32,30,4.858241523483993518084389506839215755462646484375,-0.79561754203924550665760762058198451995849609375,186.68197594126985450202482752501964569091796875,
32,40,4.858241523483993518084389506839215755462646484375,-0.80050050355540491864303476177155971527099609375,186.7307582390418474460602737963199615478515625,
32,50,4.858241523483993518084389506839215755462646484375,-0.80050050355540491864303476177155971527099609375,186.7307582390418474460602737963199615478515625,
Repeat,Generation,X1,X2,F(x)
33,0,6.089968565935240718545173876918852329254150390625,-0.6851405377361370341304791509173810482025146484375,105.0802353797023869219628977589309215545654296875,
33,10,-1.410260322885829253891643020324409008026123046875,-0.78157902768028719719950458966195583343505859375,185.44228739320891463648877106606960296630859375,
33,20,-1.424909207434307489847924443893134593963623046875,-0.79866939298684513914849958382546901702880859375,186.724769579315989176393486559391021728515625,
33,30,-1.424909207434307489847924443893134593963623046875,-0.79927976317636506564667797647416591644287109375,186.728400883788111741523607634007930755615234375,
33,40,-1.424909207434307489847924443893134593963623046875,-0.80050050355540491864303476177155971527099609375,186.730725690029174757000873796641826629638671875,
33,50,-1.424909207434307489847924443893134593963623046875,-0.80050050355540491864303476177155971527099609375,186.730725690029174757000873796641826629638671875,
Repeat,Generation,X1,X2,F(x)
34,0,-1.007415997802667106952867470681667327880859375,4.8979155858027905168228244292549788951873779296875,96.65296512880860291261342354118824005126953125,
34,10,-0.72481460005493403286891407333314418792724609375,4.8985259559923104433210028219036757946014404296875,170.8409481296204148748074658215045928955078125,
34,20,-0.8322397534104428729051505797542631626129150390625,4.852137821588794253102605580352246761322021484375,184.39416943198835951989167369902133941650390625,
34,30,-0.79195532090212594766853726468980312347412109375,4.839930417798395723139037727378308773040771484375,185.81609188914075048160157166421413421630859375,
34,40,-0.79683828241828535965396440587937831878662109375,4.854579302346873959095319150947034358978271484375,186.675965979951484996490762569010257720947265625,
34,50,-0.80050050355540491864303476177155971527099609375,4.854579302346873959095319150947034358978271484375,186.702681893945140245705260895192623138427734375,
Repeat,Generation,X1,X2,F(x)
35,0,-6.9267860957670830401866624015383422374725341796875,-7.8124332407605212580392617383040487766265869140625,119.234783325846279922188841737806797027587890625,
35,10,-7.08304086428418866461242942023091018199920654296875,-1.4328440198980683106810829485766589641571044921875,186.5920266695151212843484245240688323974609375,
35,20,-7.08487197485274844410696459817700088024139404296875,-1.4261299478133491192011206294409930706024169921875,186.72445020913215785185457207262516021728515625,
35,30,-7.08365123447370859111060781287960708141326904296875,-1.4261299478133491192011206294409930706024169921875,186.7285254194985100184567272663116455078125,
35,40,-7.08365123447370859111060781287960708141326904296875,-1.4261299478133491192011206294409930706024169921875,186.7285254194985100184567272663116455078125,
35,50,-7.08365123447370859111060781287960708141326904296875,-1.4261299478133491192011206294409930706024169921875,186.7285254194985100184567272663116455078125,
Repeat,Generation,X1,X2,F(x)
36,0,9.4744712668233290742136887274682521820068359375,-1.385845515305032193964507314376533031463623046875,39.20410933139367415378728765062987804412841796875,
36,10,4.849696340830714547109892009757459163665771484375,-7.08731345561082815009967816877178847789764404296875,186.5364187207738950746716000139713287353515625,
36,20,4.858851893673513444582567899487912654876708984375,-7.08548234504226837060514299082569777965545654296875,186.720805193251095488449209369719028472900390625,
36,30,4.858851893673513444582567899487912654876708984375,-7.08182012390514881161607263493351638317108154296875,186.72315323066510472926893271505832672119140625,
36,40,4.858851893673513444582567899487912654876708984375,-7.08304086428418866461242942023091018199920654296875,186.728956473257341031057876534759998321533203125,
36,50,4.858851893673513444582567899487912654876708984375,-7.08365123447370859111060781287960708141326904296875,186.7293890228128248054417781531810760498046875,
Repeat,Generation,X1,X2,F(x)
37,0,-0.9494308297982723132690807688049972057342529296875,-7.635425885799737244497009669430553913116455078125,129.82162606157720574628910981118679046630859375,
37,10,-7.018951994384593717768439091742038726806640625,-1.4566484572893454441100402618758380413055419921875,175.519607094397059654511394910514354705810546875,
37,20,-7.09707937864314697407053245115093886852264404296875,-1.417584765160068371869783732108771800994873046875,186.190562697833030370020424015820026397705078125,
37,30,-7.09158604693746763558692691731266677379608154296875,-1.423078096865747710353389265947043895721435546875,186.576709117558010575521620921790599822998046875,
37,40,-7.0769371623889885114522257936187088489532470703125,-1.423078096865747710353389265947043895721435546875,186.62584461874604357944917865097522735595703125,
37,50,-7.08670308542130822360149977612309157848358154296875,-1.423078096865747710353389265947043895721435546875,186.69851472985675400195759721100330352783203125,
Repeat,Generation,X1,X2,F(x)
38,0,-6.27491073335978200020690564997494220733642578125,-0.866420484023560533159979968331754207611083984375,57.3161839795774454842103295959532260894775390625,
38,10,-1.4334543900875882371792613412253558635711669921875,-0.80050050355540491864303476177155971527099609375,186.569703691983335147597244940698146820068359375,
38,20,-1.4261299478133491192011206294409930706024169921875,-0.80050050355540491864303476177155971527099609375,186.72850064534947023275890387594699859619140625,
38,30,-1.4261299478133491192011206294409930706024169921875,-0.80050050355540491864303476177155971527099609375,186.72850064534947023275890387594699859619140625,
38,40,-1.4261299478133491192011206294409930706024169921875,-0.80050050355540491864303476177155971527099609375,186.72850064534947023275890387594699859619140625,
38,50,-1.4261299478133491192011206294409930706024169921875,-0.80050050355540491864303476177155971527099609375,186.72850064534947023275890387594699859619140625,
Repeat,Generation,X1,X2,F(x)
39,0,-7.7062288277840504946425426169298589229583740234375,-0.79012421033356616817400208674371242523193359375,186.491406409329755433645914308726787567138671875,
39,10,-7.7086703085421302006352561875246465206146240234375,-0.79989013336588499214485636912286281585693359375,186.730202119188930964810424484312534332275390625,
39,20,-7.7080599383526102741370777948759496212005615234375,-0.80050050355540491864303476177155971527099609375,186.73068756716673988194088451564311981201171875,
39,30,-7.7080599383526102741370777948759496212005615234375,-0.80050050355540491864303476177155971527099609375,186.73068756716673988194088451564311981201171875,
39,40,-7.7080599383526102741370777948759496212005615234375,-0.80050050355540491864303476177155971527099609375,186.73068756716673988194088451564311981201171875,
39,50,-7.7080599383526102741370777948759496212005615234375,-0.80050050355540491864303476177155971527099609375,186.73068756716673988194088451564311981201171875,
Repeat,Generation,X1,X2,F(x)
40,0,5.395367290261543047336090239696204662322998046875,-1.6714987640003666768961920752190053462982177734375,67.0765924727032967211926006712019443511962890625,
40,10,5.4924161503952149132601334713399410247802734375,-1.4615314188055048560954674030654132366180419921875,183.4879495136757441287045367062091827392578125,
40,20,5.4899746696371352072674199007451534271240234375,-1.423688467055267636851567658595740795135498046875,186.614478449129904902292764745652675628662109375,
40,30,5.4887539292580953542710631154477596282958984375,-1.424298837244787563349746051244437694549560546875,186.652719853585267628659494221210479736328125,
40,40,5.4826502273628960892892791889607906341552734375,-1.425519577623827416346102836541831493377685546875,186.730451099187348518171347677707672119140625,
40,50,5.4826502273628960892892791889607906341552734375,-1.424909207434307489847924443893134593963623046875,186.730695631411663271137513220310211181640625,
Repeat,Generation,X1,X2,F(x)
41,0,6.987212744529557539863162674009799957275390625,-7.03482161931211269489949700073339045047760009765625,39.25672207658055157253329525701701641082763671875,
41,10,5.4918057802056949867619550786912441253662109375,-1.416974394970548445371605339460074901580810546875,186.3993164726929308017133735120296478271484375,
41,20,5.4893642994476152807692415080964565277099609375,-1.424909207434307489847924443893134593963623046875,186.637525470488299106364138424396514892578125,
41,30,5.4887539292580953542710631154477596282958984375,-1.424909207434307489847924443893134593963623046875,186.6542116522940659706364385783672332763671875,
41,40,5.4887539292580953542710631154477596282958984375,-1.424909207434307489847924443893134593963623046875,186.6542116522940659706364385783672332763671875,
41,50,5.4887539292580953542710631154477596282958984375,-1.424909207434307489847924443893134593963623046875,186.6542116522940659706364385783672332763671875,
Repeat,Generation,X1,X2,F(x)
42,0,-0.74678792687765138680333620868623256683349609375,-7.8032776879177223605665858485735952854156494140625,161.17880890338864219302195124328136444091796875,
42,10,-0.77608569597460785871589905582368373870849609375,-7.72515030365916910426449248916469514369964599609375,184.78693713117451125071966089308261871337890625,
42,20,-0.77608569597460785871589905582368373870849609375,-7.7068391979735704211407210095785558223724365234375,185.434233863225699678878299891948699951171875,
42,30,-0.79500717184972558015942922793328762054443359375,-7.7056184575945305681443642242811620235443115234375,186.65162074273922598877106793224811553955078125,
42,40,-0.79500717184972558015942922793328762054443359375,-7.7068391979735704211407210095785558223724365234375,186.66349182117318150631035678088665008544921875,
42,50,-0.79561754203924550665760762058198451995849609375,-7.71050141911069086830821106559596955776214599609375,186.670911234147780533021432347595691680908203125,
Repeat,Generation,X1,X2,F(x)
43,0,-6.3231299783318579699198380694724619388580322265625,5.6968901638843956192204132094047963619232177734375,44.4483307602298935989892925135791301727294921875,
43,10,-0.76265755180516947575597441755235195159912109375,-1.4975432599871822958448319695889949798583984375,172.0148993188277017907239496707916259765625,
43,20,-0.8279671620838033874179018312133848667144775390625,-1.410260322885829253891643020324409008026123046875,184.525730629085529699295875616371631622314453125,
43,30,-0.8017212439344465479962309473194181919097900390625,-1.418805505539108224866140517406165599822998046875,186.63322988453063544511678628623485565185546875,
43,40,-0.8017212439344465479962309473194181919097900390625,-1.424298837244787563349746051244437694549560546875,186.724971447528588441855390556156635284423828125,
43,50,-0.80050050355540491864303476177155971527099609375,-1.425519577623827416346102836541831493377685546875,186.73048115776549593647359870374202728271484375,
Repeat,Generation,X1,X2,F(x)
44,0,6.132694479201635573417661362327635288238525390625,5.3050325022125921492488487274385988712310791015625,77.1963617208547674408691818825900554656982421875,
44,10,5.5131687368388941905550382216461002826690673828125,4.8850978118228720603610781836323440074920654296875,183.01809537244474768158397637307643890380859375,
44,20,5.4838709677419359422856359742581844329833984375,4.857020783104953665088032721541821956634521484375,186.7261681942055702165816910564899444580078125,
44,30,5.4838709677419359422856359742581844329833984375,4.858241523483993518084389506839215755462646484375,186.728589887137644609538256190717220306396484375,
44,40,5.4838709677419359422856359742581844329833984375,4.858241523483993518084389506839215755462646484375,186.728589887137644609538256190717220306396484375,
44,50,5.4820398571733761627911007963120937347412109375,4.858241523483993518084389506839215755462646484375,186.729327499105778542798361741006374359130859375,
Repeat,Generation,X1,X2,F(x)
45,0,-7.8124332407605212580392617383040487766265869140625,5.25681325724051617953591630794107913970947265625,72.8684949620220976385098765604197978973388671875,
45,10,4.849696340830714547109892009757459163665771484375,5.4808191167943363097947440110146999359130859375,186.559198647063993803385528735816478729248046875,
45,20,4.859462263863033371080746292136609554290771484375,5.4808191167943363097947440110146999359130859375,186.71705880096982355098589323461055755615234375,
45,30,4.858241523483993518084389506839215755462646484375,5.4820398571733761627911007963120937347412109375,186.729327499105778542798361741006374359130859375,
45,40,4.858241523483993518084389506839215755462646484375,5.4832605975524160157874575816094875335693359375,186.73048216476416882869671098887920379638671875,
45,50,4.858241523483993518084389506839215755462646484375,5.4826502273628960892892791889607906341552734375,186.7307281804190779439522884786128997802734375,
Repeat,Generation,X1,X2,F(x)
46,0,5.2861110263374744278053185553289949893951416015625,-1.4535966063417458116191482986323535442352294921875,105.453953050561523241412942297756671905517578125,
46,10,-7.0726645710623490259649770450778305530548095703125,4.873500778221991680538849323056638240814208984375,185.914232537329297656469861976802349090576171875,
46,20,-7.0751060518204287319576906156726181507110595703125,4.863734855189672856567995040677487850189208984375,186.499984183514897040367941372096538543701171875,
46,30,-7.0751060518204287319576906156726181507110595703125,4.863734855189672856567995040677487850189208984375,186.499984183514897040367941372096538543701171875,
46,40,-7.08243049409466873811425102758221328258514404296875,4.863734855189672856567995040677487850189208984375,186.653089344772951108097913675010204315185546875,
46,50,-7.08426160466322851760878620552830398082733154296875,4.863734855189672856567995040677487850189208984375,186.654386043853349974597222171723842620849609375,
Repeat,Generation,X1,X2,F(x)
47,0,-6.90786461989196443056471252930350601673126220703125,-7.4889370403149513322205166332423686981201171875,53.71570510991484326268619042821228504180908203125,
47,10,-7.0641193884090700549904795479960739612579345703125,-7.6909695730460523321880828007124364376068115234375,185.20222161311079389633960090577602386474609375,
47,20,-7.0653401287881099079868363332934677600860595703125,-7.71050141911069086830821106559596955776214599609375,185.99300140358587896116659976541996002197265625,
47,30,-7.0653401287881099079868363332934677600860595703125,-7.71050141911069086830821106559596955776214599609375,185.99300140358587896116659976541996002197265625,
47,40,-7.08365123447370859111060781287960708141326904296875,-7.71050141911069086830821106559596955776214599609375,186.719715413555832128622569143772125244140625,
47,50,-7.08365123447370859111060781287960708141326904296875,-7.71050141911069086830821106559596955776214599609375,186.719715413555832128622569143772125244140625,
Repeat,Generation,X1,X2,F(x)
48,0,0.02777184362315665566711686551570892333984375,5.4728843043305772653184249065816402435302734375,50.1832880710891657827232847921550273895263671875,
48,10,6.0509048738059618699480779469013214111328125,5.4783776360362566038020304404199123382568359375,120.92520615379407900036312639713287353515625,
48,20,6.089968565935240718545173876918852329254150390625,5.4850917081209757952819927595555782318115234375,123.5606057834269932982351747341454029083251953125,
48,30,-1.4371166112247077961683316971175372600555419921875,5.370952482680745987408954533748328685760498046875,159.14923633911001843443955294787883758544921875,
48,40,-1.4285714285714288251938342000357806682586669921875,5.4838709677419359422856359742581844329833984375,186.7010706597840226095286197960376739501953125,
48,50,-1.4273506881923889721974774147383868694305419921875,5.4826502273628960892892791889607906341552734375,186.71930556569844839032157324254512786865234375,
Repeat,Generation,X1,X2,F(x)
49,0,4.811853389080479104222831665538251399993896484375,-2.9264198736533710842877553659491240978240966796875,40.35409203815023460037991753779351711273193359375,
49,10,5.649891659291359502503837575204670429229736328125,4.846644489883114914619000046513974666595458984375,130.21467041652232410342548973858356475830078125,
49,20,5.417950987273780327768690767697989940643310546875,4.831385235145116752164540230296552181243896484375,175.866040613090035549248568713665008544921875,
49,30,5.4551835688344993968712515197694301605224609375,4.835047456282236311153610586188733577728271484375,183.8213680563463867656537331640720367431640625,
49,40,5.4924161503952149132601334713399410247802734375,4.845423749504075061622643261216580867767333984375,186.159596527366147711290977895259857177734375,
49,50,5.4887539292580953542710631154477596282958984375,4.852748191778314179600783973000943660736083984375,186.588776469621194564751931466162204742431640625,
Repeat,Generation,X1,X2,F(x)
50,0,-7.865535447248756639737621298991143703460693359375,-2.02429273354289396280591972754336893558502197265625,57.11847905530303393106805742718279361724853515625,
50,10,-7.6940214239936519646789747639559209346771240234375,5.4759361552781768978093168698251247406005859375,186.147111538830557719848002307116985321044921875,
50,20,-7.6989043855098113766644019051454961299896240234375,5.4759361552781768978093168698251247406005859375,186.417974961205032968791783787310123443603515625,
50,30,-7.7068391979735704211407210095785558223724365234375,5.4826502273628960892892791889607906341552734375,186.725737904231010588773642666637897491455078125,
50,40,-7.7068391979735704211407210095785558223724365234375,5.4826502273628960892892791889607906341552734375,186.725737904231010588773642666637897491455078125,
50,50,-7.7074495681630903476388994022272527217864990234375,5.4826502273628960892892791889607906341552734375,186.729066675809889375159400515258312225341796875,
Repeat,Generation,X1,X2,F(x)
51,0,5.397808771019622753328803810290992259979248046875,-1.5207373271889395027756108902394771575927734375,152.30817882480363323338679037988185882568359375,
51,10,5.4356517227698617489295429550111293792724609375,-1.4413892025513472816555804456584155559539794921875,181.2012945943421300398767925798892974853515625,
51,20,5.4466383861812204258967540226876735687255859375,-1.421857356486707857357032480649650096893310546875,183.800347990939229703144519589841365814208984375,
51,30,5.4686117130039377798311761580407619476318359375,-1.423078096865747710353389265947043895721435546875,186.271537913385174078939598985016345977783203125,
51,40,5.4686117130039377798311761580407619476318359375,-1.423078096865747710353389265947043895721435546875,186.271537913385174078939598985016345977783203125,
51,50,5.4686117130039377798311761580407619476318359375,-1.425519577623827416346102836541831493377685546875,186.280962452959414576980634592473506927490234375,
Repeat,Generation,X1,X2,F(x)
52,0,-2.02917569505905337479134686873294413089752197265625,-0.0552385021515551244419839349575340747833251953125,38.261219252345227914702263660728931427001953125,
52,10,4.78499710074159878558930358849465847015380859375,-7.22098452711569560591442495933733880519866943359375,136.61940521030606987551436759531497955322265625,
52,20,4.843592638935515282128108083270490169525146484375,-7.0537430951872313045214468729682266712188720703125,184.30558499251441162414266727864742279052734375,
52,30,4.839930417798395723139037727378308773040771484375,-7.08365123447370859111060781287960708141326904296875,185.9698625424572355768759734928607940673828125,
52,40,4.843592638935515282128108083270490169525146484375,-7.08487197485274844410696459817700088024139404296875,186.241557822656289999940781854093074798583984375,
52,50,4.843592638935515282128108083270490169525146484375,-7.08365123447370859111060781287960708141326904296875,186.24562249402760016891988925635814666748046875,
Repeat,Generation,X1,X2,F(x)
53,0,5.5418561357463307359694226761348545551300048828125,-1.369975890377514105011869105510413646697998046875,172.30305495325052334010251797735691070556640625,
53,10,5.5027924436170536637291661463677883148193359375,-1.398663289284950650426253559999167919158935546875,184.221636816665665037362487055361270904541015625,
53,20,5.4924161503952149132601334713399410247802734375,-1.401104770043030356418967130593955516815185546875,185.178062601960419897295651026070117950439453125,
53,30,5.4850917081209757952819927595555782318115234375,-1.401104770043030356418967130593955516815185546875,185.3670263230293357992195524275302886962890625,
53,40,5.5021820734275337372309877537190914154052734375,-1.4279610583819088986956558073870837688446044921875,185.89065588353088287476566620171070098876953125,
53,50,5.4832605975524160157874575816094875335693359375,-1.4273506881923889721974774147383868694305419921875,186.719059565092692309917765669524669647216796875,
Repeat,Generation,X1,X2,F(x)
54,0,-0.5490279854731898723230187897570431232452392578125,-1.5585802789391767220195106347091495990753173828125,56.56125053748445452583837322890758514404296875,
54,10,-0.79622791222876543315578601323068141937255859375,-7.72026734214300969227906534797511994838714599609375,186.362260632249075342770083807408809661865234375,
54,20,-0.80050050355540491864303476177155971527099609375,-1.4328440198980683106810829485766589641571044921875,186.59243414578219244503998197615146636962890625,
54,30,-0.80050050355540491864303476177155971527099609375,-1.4304025391399886046883693779818713665008544921875,186.666114355403152558210422284901142120361328125,
54,40,-0.79622791222876543315578601323068141937255859375,-1.4273506881923889721974774147383868694305419921875,186.682408394283839925265056081116199493408203125,
54,50,-7.08365123447370859111060781287960708141326904296875,-1.4273506881923889721974774147383868694305419921875,186.71936039541554919196642003953456878662109375,
Repeat,Generation,X1,X2,F(x)
55,0,-0.76693014313180896124322316609323024749755859375,5.0682088686788535625282747787423431873321533203125,87.1747645553651153704777243547141551971435546875,
55,10,-0.76204718161564954925779602490365505218505859375,-1.4603106784264650030991106177680194377899169921875,180.7257779845150480468873865902423858642578125,
55,20,-0.76876125370036874073775834403932094573974609375,-1.416974394970548445371605339460074901580810546875,184.39149926248791189209441654384136199951171875,
55,30,-0.8023316141239664744944093399681150913238525390625,-1.4267403180028690456992990220896899700164794921875,186.715921578600870134323486126959323883056640625,
55,40,-0.8011108737449266214980525546707212924957275390625,-1.4261299478133491192011206294409930706024169921875,186.72719327328240979113616049289703369140625,
55,50,-0.8011108737449266214980525546707212924957275390625,-1.4261299478133491192011206294409930706024169921875,186.72719327328240979113616049289703369140625,
Repeat,Generation,X1,X2,F(x)
56,0,-6.4531388286996058667455145041458308696746826171875,5.4557939390240193233694299124181270599365234375,121.3051252772531114487719605676829814910888671875,
56,10,4.872890408032471754040670930407941341400146484375,5.4533524582659396173767163418233394622802734375,184.29258210600136180801200680434703826904296875,
56,20,4.871669667653431901044314145110547542572021484375,5.4661702322458580738384625874459743499755859375,185.68194447312311012865393422544002532958984375,
56,30,4.849085970641194620611713617108762264251708984375,5.4832605975524160157874575816094875335693359375,186.54353898187702043287572450935840606689453125,
56,40,4.864345225379192783066173433326184749603271484375,5.4832605975524160157874575816094875335693359375,186.638232687681778543264954350888729095458984375,
56,50,4.860072634052553297578924684785306453704833984375,5.4802087466048163832965656183660030364990234375,186.70584556869374637244618497788906097412109375,
Repeat,Generation,X1,X2,F(x)
57,0,-0.79439680166020565366125083528459072113037109375,-6.52455214087343993156764554441906511783599853515625,119.4421272850793087627607746981084346771240234375,
57,10,-0.8023316141239664744944093399681150913238525390625,-1.4499343852046262526300779427401721477508544921875,185.300726145806038402952253818511962890625,
57,20,-0.8108767967772454454689068370498716831207275390625,-1.407208471938229621400751057080924510955810546875,185.733460015874953796810586936771869659423828125,
57,30,-0.8084353160191657394761932664550840854644775390625,-1.424909207434307489847924443893134593963623046875,186.58515433950918804839602671563625335693359375,
57,40,-0.79866939298684513914849958382546901702880859375,-1.423078096865747710353389265947043895721435546875,186.715078074051206158401328139007091522216796875,
57,50,-0.79866939298684513914849958382546901702880859375,-1.425519577623827416346102836541831493377685546875,186.72452505485210849656141363084316253662109375,
Repeat,Generation,X1,X2,F(x)
58,0,4.72762230292672569476053467951714992523193359375,5.2934354686117135457834592671133577823638916015625,90.031604110591018752529635094106197357177734375,
58,10,4.8997466963713502963173596072010695934295654296875,-0.870082705160680092149050324223935604095458984375,172.14359719169846130171208642423152923583984375,
58,20,4.850917081209754400106248795054852962493896484375,-0.79439680166020565366125083528459072113037109375,186.534931318321383741931640543043613433837890625,
58,30,4.862514114810633003571638255380094051361083984375,-0.79927976317636506564667797647416591644287109375,186.682149816001896169836982153356075286865234375,
58,40,4.862514114810633003571638255380094051361083984375,-0.79927976317636506564667797647416591644287109375,186.682149816001896169836982153356075286865234375,
58,50,4.857631153294473591586211114190518856048583984375,-0.79927976317636506564667797647416591644287109375,186.72809053867803186221863143146038055419921875,
Repeat,Generation,X1,X2,F(x)
59,0,-7.46513260292367331061313961981795728206634521484375,5.661488692892238105969227035529911518096923828125,38.5493788371174588291978579945862293243408203125,
59,10,-7.003692739646595555313979275524616241455078125,-7.75444807275612646435547503642737865447998046875,168.5144437423887211480177938938140869140625,
59,20,-7.08182012390514881161607263493351638317108154296875,-7.71233252967925064780274624354206025600433349609375,186.6870328152534739274415187537670135498046875,
59,30,-7.08304086428418866461242942023091018199920654296875,-7.7080599383526102741370777948759496212005615234375,186.730279788985029654213576577603816986083984375,
59,40,-7.08365123447370859111060781287960708141326904296875,-7.7086703085421302006352561875246465206146240234375,186.730566178134012034206534735858440399169921875,
59,50,-7.08365123447370859111060781287960708141326904296875,-7.7080599383526102741370777948759496212005615234375,186.730712341605936899213702417910099029541015625,
Repeat,Generation,X1,X2,F(x)
60,0,-7.6940214239936519646789747639559209346771240234375,5.4478591265602602788931108079850673675537109375,183.54642336149441916859359480440616607666015625,
60,10,-7.6940214239936519646789747639559209346771240234375,5.4673909726248979268348193727433681488037109375,185.72440472794050947413779795169830322265625,
60,20,-7.71233252967925064780274624354206025600433349609375,5.4686117130039377798311761580407619476318359375,186.2438135716353144744061864912509918212890625,
60,30,-7.71172215948973072130456785089336335659027099609375,5.4686117130039377798311761580407619476318359375,186.25433548519919213504181243479251861572265625,
60,40,-7.71172215948973072130456785089336335659027099609375,5.4686117130039377798311761580407619476318359375,186.25433548519919213504181243479251861572265625,
60,50,-7.71172215948973072130456785089336335659027099609375,5.4686117130039377798311761580407619476318359375,186.25433548519919213504181243479251861572265625,
Repeat,Generation,X1,X2,F(x)
61,0,-7.629322183904537979515225742943584918975830078125,5.3245643482772297971905572921968996524810791015625,122.897266224401590761772240512073040008544921875,
61,10,4.848475600451674694113535224460065364837646484375,-0.79439680166020565366125083528459072113037109375,186.440217513765759349553263746201992034912109375,
61,20,4.852137821588794253102605580352246761322021484375,-0.8029419843134864009925877326168119907379150390625,186.634227276379618842838681302964687347412109375,
61,30,4.857020783104953665088032721541821956634521484375,-0.8029419843134864009925877326168119907379150390625,186.713223027721625157937523908913135528564453125,
61,40,4.858241523483993518084389506839215755462646484375,-0.8023316141239664744944093399681150913238525390625,186.721894400370416633450076915323734283447265625,
61,50,4.857631153294473591586211114190518856048583984375,-0.80050050355540491864303476177155971527099609375,186.73041534105522032405133359134197235107421875,
Repeat,Generation,X1,X2,F(x)
62,0,-1.017792291024505857421900145709514617919921875,-6.375621814630573425120019237510859966278076171875,50.900313882318840796870063059031963348388671875,
62,10,-0.74434644611957168081062263809144496917724609375,-1.405987731559189768404394271783530712127685546875,179.086870449407115302165038883686065673828125,
62,20,-0.76631977294228903474504477344453334808349609375,-1.404766991180149915408037486486136913299560546875,183.237510143491221015210612677037715911865234375,
62,30,-0.77608569597460785871589905582368373870849609375,-1.405987731559189768404394271783530712127685546875,184.587141292483323695705621503293514251708984375,
62,40,-0.78096865749076727070132619701325893402099609375,-1.405377361369669841906215879134833812713623046875,184.996580930326075531411333940923213958740234375,
62,50,-0.78096865749076727070132619701325893402099609375,-1.405987731559189768404394271783530712127685546875,185.05204761581575212403549812734127044677734375,
Repeat,Generation,X1,X2,F(x)
63,0,-6.364024781029694821654629777185618877410888671875,-7.000640888698995922823087312281131744384765625,92.987924513576587060015299357473850250244140625,
63,10,-7.08975493636890785609239173936657607555389404296875,4.74593340861232348970588645897805690765380859375,159.191612329310174800411914475262165069580078125,
63,20,-7.08548234504226837060514299082569777965545654296875,4.869228186895352195051600574515759944915771484375,186.430533690847397565448773093521595001220703125,
63,30,-7.08670308542130822360149977612309157848358154296875,4.863124485000152930069816648028790950775146484375,186.648383329178813028192962519824504852294921875,
63,40,-7.08182012390514881161607263493351638317108154296875,4.859462263863033371080746292136609554290771484375,186.720021511093591470853425562381744384765625,
63,50,-7.08426160466322851760878620552830398082733154296875,4.858241523483993518084389506839215755462646484375,186.7295689177136637226794846355915069580078125,
Repeat,Generation,X1,X2,F(x)
64,0,-7.5621814630573442883587631513364613056182861328125,-0.8377330851161222113887561135925352573394775390625,135.085608342857796060343389399349689483642578125,
64,10,-7.73918881801812830190101522020995616912841796875,-0.8084353160191657394761932664550840854644775390625,184.39093864920954501940286718308925628662109375,
64,20,-1.410870693075349180389821412973105907440185546875,-0.8059938352610860334834796958602964878082275390625,186.184330288970386391156353056430816650390625,
64,30,-1.420636616107668004360675695352256298065185546875,-0.8035523545030063274907661252655088901519775390625,186.66074550089388139895163476467132568359375,
64,40,-1.420636616107668004360675695352256298065185546875,-0.79866939298684513914849958382546901702880859375,186.67779687164994584236410446465015411376953125,
64,50,-1.4261299478133491192011206294409930706024169921875,-0.8011108737449266214980525546707212924957275390625,186.72719327328240979113616049289703369140625,
Repeat,Generation,X1,X2,F(x)
65,0,-1.4865565965758236188776209019124507904052734375,-0.77974791711172741770496941171586513519287109375,177.288221033767086964871850796043872833251953125,
65,10,-1.4279610583819088986956558073870837688446044921875,-0.78035828730124734420314780436456203460693359375,185.835016435359278830219409428536891937255859375,
65,20,-1.4352855006561480166737965191714465618133544921875,-0.79927976317636506564667797647416591644287109375,186.4888647163298855957691557705402374267578125,
65,30,-1.424909207434307489847924443893134593963623046875,-0.79561754203924550665760762058198451995849609375,186.681943400760388840353698469698429107666015625,
65,40,-1.425519577623827416346102836541831493377685546875,-0.80050050355540491864303476177155971527099609375,186.73048115776549593647359870374202728271484375,
65,50,-1.424909207434307489847924443893134593963623046875,-0.80050050355540491864303476177155971527099609375,186.730725690029174757000873796641826629638671875,
Repeat,Generation,X1,X2,F(x)
66,0,4.7215186010315246534219113527797162532806396484375,-0.902432325205236196552505134604871273040771484375,128.958189175688943350905901752412319183349609375,
66,10,4.838709677419355870142680942080914974212646484375,-0.8157597582934048574543339782394468784332275390625,185.3392369003894373236107639968395233154296875,
66,20,4.857631153294473591586211114190518856048583984375,-0.79989013336588499214485636912286281585693359375,186.7300760567590032223961316049098968505859375,
66,30,4.857631153294473591586211114190518856048583984375,-0.79989013336588499214485636912286281585693359375,186.7300760567590032223961316049098968505859375,
66,40,4.857631153294473591586211114190518856048583984375,-0.80050050355540491864303476177155971527099609375,186.73041534105522032405133359134197235107421875,
66,50,4.858241523483993518084389506839215755462646484375,-0.80050050355540491864303476177155971527099609375,186.7307582390418474460602737963199615478515625,
Repeat,Generation,X1,X2,F(x)
67,0,4.78682821131015856508383876644074916839599609375,-6.857814264351329569535664631985127925872802734375,84.7700242971642552447519847191870212554931640625,
67,10,-0.8090456862086856659743716591037809848785400390625,4.842982268745995355629929690621793270111083984375,186.0360588322472494837711565196514129638671875,
67,20,-0.8090456862086856659743716591037809848785400390625,-7.7068391979735704211407210095785558223724365234375,186.557455225513905361367505975067615509033203125,
67,30,-0.79927976317636506564667797647416591644287109375,-7.7092806787316501271334345801733434200286865234375,186.726334424583683357923291623592376708984375,
67,40,-0.79927976317636506564667797647416591644287109375,-7.7080599383526102741370777948759496212005615234375,186.72836276140031941395136527717113494873046875,
67,50,-0.79927976317636506564667797647416591644287109375,-7.7080599383526102741370777948759496212005615234375,186.72836276140031941395136527717113494873046875,
Repeat,Generation,X1,X2,F(x)
68,0,4.614703817865535739883853239007294178009033203125,5.361796929837947089936278644017875194549560546875,63.0135560367606188947320333682000637054443359375,
68,10,4.6867275002288888430257429718039929866790771484375,5.4911954100161750602637766860425472259521484375,126.1877807952028689442158793099224567413330078125,
68,20,4.9046296578875097083027867483906447887420654296875,-7.08609271523178829710332138347439467906951904296875,181.61676011579862688449793495237827301025390625,
68,30,4.866786706137272489058887003920972347259521484375,-7.08609271523178829710332138347439467906951904296875,186.5380795655610199901275336742401123046875,
68,40,4.864345225379192783066173433326184749603271484375,-7.08365123447370859111060781287960708141326904296875,186.638533387781308192643336951732635498046875,
68,50,4.855800042725913812091675936244428157806396484375,-7.08853419598986800309603495406918227672576904296875,186.66315137547354652269859798252582550048828125,
Repeat,Generation,X1,X2,F(x)
69,0,6.022217474898525324533693492412567138671875,-7.114169743949705804197947145439684391021728515625,113.9439260576483547993120737373828887939453125,
69,10,5.5436872463148905154639578540809452533721923828125,-1.415753654591508592375248554162681102752685546875,178.501373985343292360994382761418819427490234375,
69,20,-7.72209845271156947177360052592121064662933349609375,5.4808191167943363097947440110146999359130859375,186.280856201341038058671983890235424041748046875,
69,30,-7.7013458662678910826571154757402837276458740234375,5.4808191167943363097947440110146999359130859375,186.608287177146308977171429432928562164306640625,
69,40,-7.7025666066469309356534722610376775264739990234375,5.4814294869838562362929224036633968353271484375,186.64925231024943741431343369185924530029296875,
69,50,-7.7068391979735704211407210095785558223724365234375,5.4863124485000156482783495448529720306396484375,186.69957789020435257043573074042797088623046875,
Repeat,Generation,X1,X2,F(x)
70,0,-2.101809747611927292609834694303572177886962890625,-1.25278481398968466464793891645967960357666015625,42.898589510500869437237270176410675048828125,
70,10,-7.100131229590747494739844114519655704498291015625,-1.420636616107668004360675695352256298065185546875,186.072159761874644345880369655787944793701171875,
70,20,-7.09768974883266690056871084379963576793670654296875,-1.419415875728628151364318910054862499237060546875,186.209671337212824937523691914975643157958984375,
70,30,-7.08243049409466873811425102758221328258514404296875,-1.424909207434307489847924443893134593963623046875,186.728239147754123905542655847966670989990234375,
70,40,-7.08243049409466873811425102758221328258514404296875,-1.424909207434307489847924443893134593963623046875,186.728239147754123905542655847966670989990234375,
70,50,-7.08243049409466873811425102758221328258514404296875,-1.424909207434307489847924443893134593963623046875,186.728239147754123905542655847966670989990234375,
Repeat,Generation,X1,X2,F(x)
71,0,6.065553758354443658618038170970976352691650390625,4.3339335306863606689375956193543970584869384765625,48.84961750057370721833649440668523311614990234375,
71,10,5.4441969054231407199040404520928859710693359375,4.859462263863033371080746292136609554290771484375,183.41577590774460304601234383881092071533203125,
71,20,5.4661702322458580738384625874459743499755859375,4.858241523483993518084389506839215755462646484375,186.11390937858487859557499177753925323486328125,
71,30,5.4661702322458580738384625874459743499755859375,4.858241523483993518084389506839215755462646484375,186.11390937858487859557499177753925323486328125,
71,40,5.4686117130039377798311761580407619476318359375,4.858241523483993518084389506839215755462646484375,186.28123886721442659109015949070453643798828125,
71,50,5.4686117130039377798311761580407619476318359375,4.858241523483993518084389506839215755462646484375,186.28123886721442659109015949070453643798828125,
Repeat,Generation,X1,X2,F(x)
72,0,-1.4322336497085483841829045559279620647430419921875,-2.98379467146824506329494397505186498165130615234375,46.15683257107017567477669217623770236968994140625,
72,10,-1.411481063264869106887999805621802806854248046875,5.5156102175969738965477517922408878803253173828125,183.948232053652674267141264863312244415283203125,
72,20,-1.4310129093295085311865477706305682659149169921875,5.4753257850886569713111384771764278411865234375,186.52470985811504533558036200702190399169921875,
72,30,-1.4261299478133491192011206294409930706024169921875,5.4777672658467366773038520477712154388427734375,186.67112544187870071255019865930080413818359375,
72,40,-1.4273506881923889721974774147383868694305419921875,5.4857020783104957217801711522042751312255859375,186.7016185613116476815775968134403228759765625,
72,50,-1.4261299478133491192011206294409930706024169921875,5.4808191167943363097947440110146999359130859375,186.719326910077967340839677490293979644775390625,
Repeat,Generation,X1,X2,F(x)
73,0,-9.75280007324442266281039337627589702606201171875,-0.6790368358409377691486952244304120540618896484375,31.41565256327424293658623355440795421600341796875,
73,10,-7.0702230903042693199722634744830429553985595703125,-7.75749992370372609684636699967086315155029296875,180.8306958857309609811636619269847869873046875,
73,20,-7.0702230903042693199722634744830429553985595703125,-7.6958525345622117441735099419020116329193115234375,185.979516837682268715070676989853382110595703125,
73,30,-7.08853419598986800309603495406918227672576904296875,-7.6989043855098113766644019051454961299896240234375,186.4681812016168578338692896068096160888671875,
73,40,-7.08609271523178829710332138347439467906951904296875,-7.7080599383526102741370777948759496212005615234375,186.715971964793197912513278424739837646484375,
73,50,-7.08365123447370859111060781287960708141326904296875,-7.7080599383526102741370777948759496212005615234375,186.730712341605936899213702417910099029541015625,
Repeat,Generation,X1,X2,F(x)
74,0,-1.586046937467575190794377704150974750518798828125,5.3318887905514689151686980039812624454498291015625,98.122228546033198881559656001627445220947265625,
74,10,-1.422467726676227783855210873298346996307373046875,5.4789880062257765303002088330686092376708984375,186.681179363612983479470130987465381622314453125,
74,20,-1.422467726676227783855210873298346996307373046875,5.4808191167943363097947440110146999359130859375,186.70515201137089889016351662576198577880859375,
74,30,-1.424909207434307489847924443893134593963623046875,5.4826502273628960892892791889607906341552734375,186.730695631411663271137513220310211181640625,
74,40,-1.424909207434307489847924443893134593963623046875,5.4826502273628960892892791889607906341552734375,186.730695631411663271137513220310211181640625,
74,50,-1.424909207434307489847924443893134593963623046875,5.4826502273628960892892791889607906341552734375,186.730695631411663271137513220310211181640625,
Repeat,Generation,X1,X2,F(x)
75,0,4.860072634052553297578924684785306453704833984375,5.4924161503952149132601334713399410247802734375,186.520139289514958136351197026669979095458984375,
75,10,4.860072634052553297578924684785306453704833984375,5.4869228186895355747765279375016689300537109375,186.685056444676348519351449795067310333251953125,
75,20,4.858851893673513444582567899487912654876708984375,5.4808191167943363097947440110146999359130859375,186.7201904708499569096602499485015869140625,
75,30,4.858851893673513444582567899487912654876708984375,5.4826502273628960892892791889607906341552734375,186.72933419015083700287505052983760833740234375,
75,40,4.858851893673513444582567899487912654876708984375,5.4826502273628960892892791889607906341552734375,186.72933419015083700287505052983760833740234375,
75,50,4.858851893673513444582567899487912654876708984375,5.4826502273628960892892791889607906341552734375,186.72933419015083700287505052983760833740234375,
Repeat,Generation,X1,X2,F(x)
76,0,4.9070711386455894142955003189854323863983154296875,-7.3119296853541673186782645643688738346099853515625,79.1268246845384766174902324564754962921142578125,
76,10,-7.74895474105044712587186950258910655975341796875,5.4826502273628960892892791889607906341552734375,182.94350098973433205173932947218418121337890625,
76,20,4.867397076326792415557065396569669246673583984375,5.4832605975524160157874575816094875335693359375,186.52670424954288819208159111440181732177734375,
76,30,4.866176335947752562560708611272275447845458984375,5.4832605975524160157874575816094875335693359375,186.576558013345703557206434197723865509033203125,
76,40,4.864345225379192783066173433326184749603271484375,5.4832605975524160157874575816094875335693359375,186.638232687681778543264954350888729095458984375,
76,50,4.863734855189672856567995040677487850189208984375,5.4826502273628960892892791889607906341552734375,186.65554483980514532959205098450183868408203125,
Repeat,Generation,X1,X2,F(x)
77,0,-6.46107364116336579940025330870412290096282958984375,-1.012298959318826518938294611871242523193359375,62.45279984934889938585911295376718044281005859375,
77,10,4.8875392925809517663537917542271316051483154296875,5.4405346842860211609149700962007045745849609375,180.767916218145643370007746852934360504150390625,
77,20,4.853358561967834106098962365649640560150146484375,5.4600665303506588088566786609590053558349609375,185.52899546973139877081848680973052978515625,
77,30,4.853358561967834106098962365649640560150146484375,5.4655598620563381473402841947972774505615234375,186.016836643485220292859594337642192840576171875,
77,40,4.852748191778314179600783973000943660736083984375,5.4661702322458580738384625874459743499755859375,186.0486311790297122570336796343326568603515625,
77,50,4.853358561967834106098962365649640560150146484375,5.4686117130039377798311761580407619476318359375,186.230069552127616816505906172096729278564453125,
Repeat,Generation,X1,X2,F(x)
78,0,-1.9766838587603388077695854008197784423828125,-0.2023377178258609632166553637944161891937255859375,51.600977747126336225846898742020130157470703125,
78,10,-0.74861903744621116629787138663232326507568359375,4.827112643818477266677291481755673885345458984375,178.767680579726430778464418835937976837158203125,
78,20,-0.8267464217047635344215450459159910678863525390625,4.843592638935515282128108083270490169525146484375,184.703285520470473102250252850353717803955078125,
78,30,-0.79989013336588499214485636912286281585693359375,4.843592638935515282128108083270490169525146484375,186.245259380552170114242471754550933837890625,
78,40,-0.79989013336588499214485636912286281585693359375,4.843592638935515282128108083270490169525146484375,186.245259380552170114242471754550933837890625,
78,50,-0.79989013336588499214485636912286281585693359375,4.871669667653431901044314145110547542572021484375,186.2970231480827578707248903810977935791015625,
Repeat,Generation,X1,X2,F(x)
79,0,5.3093050935392316347360974759794771671295166015625,-7.605517746513260846086268429644405841827392578125,106.88978475276832114104763604700565338134765625,
79,10,5.4997405926694540312382741831243038177490234375,-7.76116214484084565583543735556304454803466796875,179.761993056369504984104423783719539642333984375,
79,20,5.4997405926694540312382741831243038177490234375,-7.6830347605822932877117636962793767452239990234375,184.6100713271431459361338056623935699462890625,
79,30,5.4905850398266551337655982933938503265380859375,-7.7056184575945305681443642242811620235443115234375,186.582409959207069505282561294734477996826171875,
79,40,5.4899746696371352072674199007451534271240234375,-7.7080599383526102741370777948759496212005615234375,186.61916023501618155933101661503314971923828125,
79,50,5.4857020783104957217801711522042751312255859375,-7.7037873470259707886498290463350713253021240234375,186.6653097122351709913345985114574432373046875,
Repeat,Generation,X1,X2,F(x)
80,0,-7.9461043122653887138540085288695991039276123046875,-0.853602710043642076698233722709119319915771484375,77.38439012713655529296374879777431488037109375,
80,10,5.5064546647541732227182365022599697113037109375,-7.7031769768364508621516506536863744258880615234375,185.445710473929040063012507744133472442626953125,
80,20,5.4942472609637746927546686492860317230224609375,-7.7080599383526102741370777948759496212005615234375,186.44497842839717804963584057986736297607421875,
80,30,5.4771568956572167508056736551225185394287109375,-7.7013458662678910826571154757402837276458740234375,186.545535404075195629047811962664127349853515625,
80,40,5.4844813379314558687838143669068813323974609375,-7.7031769768364508621516506536863744258880615234375,186.663543611245046349722542800009250640869140625,
80,50,5.4844813379314558687838143669068813323974609375,-7.7074495681630903476388994022272527217864990234375,186.7233903458796930863172747194766998291015625,
Repeat,Generation,X1,X2,F(x)
81,0,-7.08120975371562888511789424228481948375701904296875,-6.4757225257118449235349544323980808258056640625,123.5536960439081894946866668760776519775390625,
81,10,-1.4481032746360664731355427647940814495086669921875,-7.08243049409466873811425102758221328258514404296875,185.50820791863924341669189743697643280029296875,
81,20,-1.4261299478133491192011206294409930706024169921875,-7.08304086428418866461242942023091018199920654296875,186.728092871943516684041242115199565887451171875,
81,30,-1.4261299478133491192011206294409930706024169921875,-7.08304086428418866461242942023091018199920654296875,186.728092871943516684041242115199565887451171875,
81,40,-1.4261299478133491192011206294409930706024169921875,-7.08365123447370859111060781287960708141326904296875,186.7285254194985100184567272663116455078125,
81,50,-1.4261299478133491192011206294409930706024169921875,-7.08365123447370859111060781287960708141326904296875,186.7285254194985100184567272663116455078125,
Repeat,Generation,X1,X2,F(x)
82,0,5.423444318979459666252296301536262035369873046875,-7.8319650868251589059809703030623495578765869140625,147.243683952971565531697706319391727447509765625,
82,10,5.4539628284554595438748947344720363616943359375,-7.8221991637928400820101160206831991672515869140625,156.868500588147895768997841514647006988525390625,
82,20,5.5113376262703344110605030437000095844268798828125,-7.73125400555436925742469611577689647674560546875,183.745161507030815073449048213660717010498046875,
82,30,5.4911954100161750602637766860425472259521484375,-7.7050080874050106416461858316324651241302490234375,186.55226371086786230080178938806056976318359375,
82,40,5.4795983764152964567983872257173061370849609375,-7.7050080874050106416461858316324651241302490234375,186.68183953983981382407364435493946075439453125,
82,50,5.4789880062257765303002088330686092376708984375,-7.7098910489211700536316129728220403194427490234375,186.691894362143813168586348183453083038330078125,
Repeat,Generation,X1,X2,F(x)
83,0,-0.847499008148442811716449796222150325775146484375,4.74410229804376371021135128103196620941162109375,154.22681709620400170024367980659008026123046875,
83,10,-0.8279671620838033874179018312133848667144775390625,4.859462263863033371080746292136609554290771484375,185.033738468356858675178955309092998504638671875,
83,20,-0.79744865260780528615214279852807521820068359375,4.858851893673513444582567899487912654876708984375,186.711210212874021863171947188675403594970703125,
83,30,-0.79866939298684513914849958382546901702880859375,4.858851893673513444582567899487912654876708984375,186.72340818126161821055575273931026458740234375,
83,40,-0.79989013336588499214485636912286281585693359375,4.858851893673513444582567899487912654876708984375,186.729024966162768350841361097991466522216796875,
83,50,-0.79989013336588499214485636912286281585693359375,4.858241523483993518084389506839215755462646484375,186.730418954122569630271755158901214599609375,
Repeat,Generation,X1,X2,F(x)
84,0,-0.968352305673391811069450341165065765380859375,5.029755546739096416786196641623973846435546875,81.2047016518136643981051747687160968780517578125,
84,10,-0.8163701284829247839525123708881437778472900390625,-7.71416364024781042729728142148815095424652099609375,186.08139061678019743339973501861095428466796875,
84,20,-0.8120975371562852984652636223472654819488525390625,-7.7080599383526102741370777948759496212005615234375,186.423873830520051342318765819072723388671875,
84,30,-0.80050050355540491864303476177155971527099609375,4.859462263863033371080746292136609554290771484375,186.726232424806539711426012217998504638671875,
84,40,-0.80050050355540491864303476177155971527099609375,4.858851893673513444582567899487912654876708984375,186.729364248549217109029996208846569061279296875,
84,50,-0.80050050355540491864303476177155971527099609375,4.858241523483993518084389506839215755462646484375,186.7307582390418474460602737963199615478515625,
Repeat,Generation,X1,X2,F(x)
85,0,-0.901821955015716270054326741956174373626708984375,-5.33555101168858936233618805999867618083953857421875,34.50988872751298686125664971768856048583984375,
85,10,5.4985198522904141782419173978269100189208984375,4.855189672536393885593497543595731258392333984375,186.171724410874816157956956885755062103271484375,
85,20,5.4802087466048163832965656183660030364990234375,4.857631153294473591586211114190518856048583984375,186.714898315728390798540203832089900970458984375,
85,30,5.4832605975524160157874575816094875335693359375,4.857631153294473591586211114190518856048583984375,186.730139267284499737797887064516544342041015625,
85,40,5.4832605975524160157874575816094875335693359375,4.858241523483993518084389506839215755462646484375,186.73048216476416882869671098887920379638671875,
85,50,5.4832605975524160157874575816094875335693359375,4.858241523483993518084389506839215755462646484375,186.73048216476416882869671098887920379638671875,
Repeat,Generation,X1,X2,F(x)
86,0,-0.340281380657369680875490303151309490203857421875,-7.007965330973235040801228024065494537353515625,77.4678186266489632316734059713780879974365234375,
86,10,5.5827509384441658113473749835975468158721923828125,4.865565965758232636062530218623578548431396484375,165.390709367809250807113130576908588409423828125,
86,20,5.4997405926694540312382741831243038177490234375,4.857631153294473591586211114190518856048583984375,186.103049351201292438418022356927394866943359375,
86,30,5.4911954100161750602637766860425472259521484375,4.856410412915433738589854328893125057220458984375,186.57142587438937653132597915828227996826171875,
86,40,5.4814294869838562362929224036633968353271484375,4.856410412915433738589854328893125057220458984375,186.720044365641314243475790135562419891357421875,
86,50,5.4832605975524160157874575816094875335693359375,4.858241523483993518084389506839215755462646484375,186.73048216476416882869671098887920379638671875,
Repeat,Generation,X1,X2,F(x)
87,0,-7.5017548142948697886822628788650035858154296875,-0.888393810846277887094402103684842586517333984375,83.0758255917503305454374640248715877532958984375,
87,10,-7.7043977172154907151480074389837682247161865234375,-0.848719748527482664712806581519544124603271484375,181.512698951005660319424350745975971221923828125,
87,20,-7.7019562364574110091552938683889806270599365234375,-0.8047730948820461804871229105629026889801025390625,186.5927330541195487967343069612979888916015625,
87,30,-7.7050080874050106416461858316324651241302490234375,-0.8035523545030063274907661252655088901519775390625,186.6823362200276505973306484520435333251953125,
87,40,-7.7050080874050106416461858316324651241302490234375,-0.8035523545030063274907661252655088901519775390625,186.6823362200276505973306484520435333251953125,
87,50,-7.7098910489211700536316129728220403194427490234375,-0.8029419843134864009925877326168119907379150390625,186.709928727607831433488172478973865509033203125,
Repeat,Generation,X1,X2,F(x)
88,0,-0.29084139530625208180936169810593128204345703125,3.31522568437757314541158848442137241363525390625,25.752951362482253472308002528734505176544189453125,
88,10,-0.8053834650715661069853013032115995883941650390625,4.837488937040316017146324156783521175384521484375,185.69567715157745624310337007045745849609375,
88,20,-7.0799890133365881439431177568621933460235595703125,4.838709677419355870142680942080914974212646484375,185.837174551567699154475121758878231048583984375,
88,30,-7.0799890133365881439431177568621933460235595703125,4.843592638935515282128108083270490169525146484375,186.218414229520675462481449358165264129638671875,
88,40,-7.0799890133365881439431177568621933460235595703125,4.853358561967834106098962365649640560150146484375,186.652218566386949305524467490613460540771484375,
88,50,-7.08609271523178829710332138347439467906951904296875,4.863124485000152930069816648028790950775146484375,186.656185537774575777802965603768825531005859375,
Repeat,Generation,X1,X2,F(x)
89,0,-7.5817133091219819363004717160947620868682861328125,5.6840723899044771627586669637821614742279052734375,86.295874462597936371821560896933078765869140625,
89,10,5.4979094821008942517437390051782131195068359375,-7.7001251258888512296607586904428899288177490234375,186.07581649763909581452026031911373138427734375,
89,20,5.4832605975524160157874575816094875335693359375,-7.7086703085421302006352561875246465206146240234375,186.7302653297571168877766467630863189697265625,
89,30,5.4832605975524160157874575816094875335693359375,-7.7086703085421302006352561875246465206146240234375,186.7302653297571168877766467630863189697265625,
89,40,5.4832605975524160157874575816094875335693359375,-7.7086703085421302006352561875246465206146240234375,186.7302653297571168877766467630863189697265625,
89,50,5.4832605975524160157874575816094875335693359375,-7.7086703085421302006352561875246465206146240234375,186.7302653297571168877766467630863189697265625,
Repeat,Generation,X1,X2,F(x)
90,0,5.5455183568834502949584930320270359516143798828125,6.029541917172764442511834204196929931640625,111.6624245457057753583285375498235225677490234375,
90,10,-7.0793786431470682174449393642134964466094970703125,-1.420026245918148077862497302703559398651123046875,186.632530279088854285873821936547756195068359375,
90,20,-7.08487197485274844410696459817700088024139404296875,-1.424909207434307489847924443893134593963623046875,186.72667520554711018121452070772647857666015625,
90,30,-7.08365123447370859111060781287960708141326904296875,-1.424909207434307489847924443893134593963623046875,186.730750464473430838552303612232208251953125,
90,40,-7.08365123447370859111060781287960708141326904296875,-1.424909207434307489847924443893134593963623046875,186.730750464473430838552303612232208251953125,
90,50,-7.08365123447370859111060781287960708141326904296875,-1.424909207434307489847924443893134593963623046875,186.730750464473430838552303612232208251953125,
Repeat,Generation,X1,X2,F(x)
91,0,-2.44483779412213575454870806424878537654876708984375,5.4661702322458580738384625874459743499755859375,46.67794984148491721498430706560611724853515625,
91,10,-0.843226416821803326229201047681272029876708984375,-1.4438306833094269876482940162532031536102294921875,181.86345334389847039346932433545589447021484375,
91,20,-7.0769371623889885114522257936187088489532470703125,-1.4340647602771081636774397338740527629852294921875,186.450151811812020241632126271724700927734375,
91,30,-0.8011108737449266214980525546707212924957275390625,-1.4291817987609487516920125926844775676727294921875,186.69128624428884677399764768779277801513671875,
91,40,-0.8011108737449266214980525546707212924957275390625,-1.4285714285714288251938342000357806682586669921875,186.701931496929688591990270651876926422119140625,
91,50,-0.8011108737449266214980525546707212924957275390625,-1.4261299478133491192011206294409930706024169921875,186.72719327328240979113616049289703369140625,
Repeat,Generation,X1,X2,F(x)
92,0,5.5046235541856134432237013243138790130615234375,7.18070009460738134521307074464857578277587890625,48.4011476940083156250693718902766704559326171875,
92,10,-7.6873073519089327731990124448202550411224365234375,5.4490798669393001318894675932824611663818359375,183.183395395977896669137408025562763214111328125,
92,20,-7.6897488326670124791917260154150426387786865234375,5.4881435590685754277728847227990627288818359375,185.862517419945419305804534815251827239990234375,
92,30,-7.6946317941831718911771531566046178340911865234375,5.4869228186895355747765279375016689300537109375,186.25671715529961147694848477840423583984375,
92,40,-7.6952421643726918176753315492533147335052490234375,5.4869228186895355747765279375016689300537109375,186.29496640070675539391231723129749298095703125,
92,50,-7.6952421643726918176753315492533147335052490234375,5.4844813379314558687838143669068813323974609375,186.325501706781977873106370680034160614013671875,
Repeat,Generation,X1,X2,F(x)
93,0,-7.014679403057954232281190343201160430908203125,1.72582171086764191159090842120349407196044921875,32.47204760876962126303624245338141918182373046875,
93,10,5.5247657704397727940204276819713413715362548828125,-7.65495773186437578061713793431408703327178955078125,176.331985018125266151400865055620670318603515625,
93,20,5.4826502273628960892892791889607906341552734375,-7.7050080874050106416461858316324651241302490234375,186.705314809700126943425857461988925933837890625,
93,30,5.4826502273628960892892791889607906341552734375,-7.71050141911069086830821106559596955776214599609375,186.7196605837344804967870004475116729736328125,
93,40,5.4826502273628960892892791889607906341552734375,-7.71050141911069086830821106559596955776214599609375,186.7196605837344804967870004475116729736328125,
93,50,5.4826502273628960892892791889607906341552734375,-7.7068391979735704211407210095785558223724365234375,186.725737904231010588773642666637897491455078125,
Repeat,Generation,X1,X2,F(x)
94,0,-0.77669606616412778521407744847238063812255859375,7.17642750328074185972582199610769748687744140625,48.9622503453796440453515970148146152496337890625,
94,10,-0.8120975371562852984652636223472654819488525390625,-7.77764213995788455946467365720309317111968994140625,175.599870507708743616603896953165531158447265625,
94,20,-0.8120975371562852984652636223472654819488525390625,-7.7086703085421302006352561875246465206146240234375,186.423727907225980970906675793230533599853515625,
94,30,-0.8023316141239664744944093399681150913238525390625,-7.7086703085421302006352561875246465206146240234375,186.721677575335633036957005970180034637451171875,
94,40,-0.8011108737449266214980525546707212924957275390625,-7.7098910489211700536316129728220403194427490234375,186.723734603366466444640536792576313018798828125,
94,50,-0.8011108737449266214980525546707212924957275390625,-7.7080599383526102741370777948759496212005615234375,186.729380179788023497167159803211688995361328125,
Repeat,Generation,X1,X2,F(x)
95,0,5.5088961455122547050677894731052219867706298828125,-0.332346568193610636399171198718249797821044921875,86.5026422178448939348527346737682819366455078125,
95,10,5.5088961455122547050677894731052219867706298828125,-0.097964415417951755671310820616781711578369140625,106.056413573005329453735612332820892333984375,
95,20,5.5088961455122547050677894731052219867706298828125,-1.5628528702658162075067593832500278949737548828125,145.085818699932445952072157524526119232177734375,
95,30,5.4741050447096171183147816918790340423583984375,-1.350444044312876457070160540752112865447998046875,173.456807032746013419455266557633876800537109375,
95,40,5.4911954100161750602637766860425472259521484375,-1.4267403180028690456992990220896899700164794921875,186.571688041146472869513672776520252227783203125,
95,50,5.4814294869838562362929224036633968353271484375,-1.4267403180028690456992990220896899700164794921875,186.720306741234395531137124635279178619384765625,
Repeat,Generation,X1,X2,F(x)
96,0,4.2674031800286886806361508206464350223541259765625,4.76180303353984157865852466784417629241943359375,70.5959285723013039159923209808766841888427734375,
96,10,-0.8133182775353251514616204076446592807769775390625,4.867397076326792415557065396569669246673583984375,186.153614832065358086765627376735210418701171875,
96,20,-0.8133182775353251514616204076446592807769775390625,4.867397076326792415557065396569669246673583984375,186.153614832065358086765627376735210418701171875,
96,30,-0.8035523545030063274907661252655088901519775390625,4.863734855189672856567995040677487850189208984375,186.63257237552721790052601136267185211181640625,
96,40,-0.79866939298684513914849958382546901702880859375,4.863734855189672856567995040677487850189208984375,186.64962117268163410699344240128993988037109375,
96,50,-0.80050050355540491864303476177155971527099609375,4.863734855189672856567995040677487850189208984375,186.655574886325439365464262664318084716796875,
Repeat,Generation,X1,X2,F(x)
97,0,-1.399884029663990503422610345296561717987060546875,-5.888546403393657868718946701847016811370849609375,45.0732619827601723727639182470738887786865234375,
97,10,-1.401104770043030356418967130593955516815185546875,-0.8102664265877255189707284444011747837066650390625,185.16066033597616069528157822787761688232421875,
97,20,-1.405987731559189768404394271783530712127685546875,-0.8047730948820461804871229105629026889801025390625,185.829222441904306606375030241906642913818359375,
97,30,-1.405987731559189768404394271783530712127685546875,-0.8011108737449266214980525546707212924957275390625,185.871474080886827096037450246512889862060546875,
97,40,-1.405987731559189768404394271783530712127685546875,-0.8011108737449266214980525546707212924957275390625,185.871474080886827096037450246512889862060546875,
97,50,-1.423688467055267636851567658595740795135498046875,-0.8011108737449266214980525546707212924957275390625,186.72469562877205362383392639458179473876953125,
Repeat,Generation,X1,X2,F(x)
98,0,4.9284340952787868417317440616898238658905029296875,9.4604327524643707647555856965482234954833984375,35.490092677595583836591686122119426727294921875,
98,10,-7.74773400067140727287551271729171276092529296875,-7.1965697195348976578088695532642304897308349609375,155.84842654830384844899526797235012054443359375,
98,20,4.849085970641194620611713617108762264251708984375,-7.0757164220099486584558690083213150501251220703125,186.41008829716867012393777258694171905517578125,
98,30,4.858851893673513444582567899487912654876708984375,-7.0781579027680283644485825789161026477813720703125,186.66627326883326531969942152500152587890625,
98,40,4.858851893673513444582567899487912654876708984375,-7.08792382580034807659785656142048537731170654296875,186.68628878363671219631214626133441925048828125,
98,50,4.858851893673513444582567899487912654876708984375,-7.08304086428418866461242942023091018199920654296875,186.728956473257341031057876534759998321533203125,
Repeat,Generation,X1,X2,F(x)
99,0,5.5461287270729702214566714246757328510284423828125,9.98779259620960147003643214702606201171875,44.647302144091298714556614868342876434326171875,
99,10,5.4826502273628960892892791889607906341552734375,6.089358195745720792046995484270155429840087890625,123.572100569390016744364402256906032562255859375,
99,20,5.4826502273628960892892791889607906341552734375,-1.354716635639515942557409289292991161346435546875,175.069680545310575325856916606426239013671875,
99,30,5.4814294869838562362929224036633968353271484375,-1.425519577623827416346102836541831493377685546875,186.726002628649240477898274548351764678955078125,
99,40,5.4838709677419359422856359742581844329833984375,-1.425519577623827416346102836541831493377685546875,186.728312809078801137729897163808345794677734375,
99,50,5.4838709677419359422856359742581844329833984375,-1.425519577623827416346102836541831493377685546875,186.728312809078801137729897163808345794677734375,
